part_ctx ;var_ctx ;rd_ratio(sub1) ;rd_ratio(sub2) ;rd_ratio(sub3) ;rd_ratio(sub4) ;rd_ratio(sub5) ;rd_ratio(sub6) ;rd_ratio(sub7) ;rd_ratio(sub8) ;bsize ;particionado 
1.000000;6.000000;0.505412;0.489331;0.590243;0.438797;0.321463;0.187938;0.303465;0.239676;6
0.000000;7.000000;0.550956;0.461012;0.514884;0.501213;0.274671;0.274910;0.252790;0.237605;6
3.000000;4.000000;0.410345;0.610000;0.661238;0.366067;0.267986;0.162677;0.363463;0.201184;6
3.000000;3.000000;0.477241;0.519820;0.549929;0.488580;0.279520;0.204188;0.266244;0.235164;6
3.000000;8.000000;0.499044;0.652312;0.676466;1.000000;0.242958;0.251261;0.357099;0.184074;9
2.000000;6.000000;0.516930;0.494384;0.527862;0.465414;0.273600;0.254216;0.267185;0.235601;6
0.000000;6.000000;0.473562;0.557301;0.539436;0.502852;0.250168;0.263121;0.292997;1.000000;6
3.000000;7.000000;0.410193;0.591910;0.432182;0.571523;0.171681;0.243527;0.241490;0.334322;6
2.000000;8.000000;0.489915;0.557839;0.592744;0.399130;0.288126;0.220310;0.312964;0.194877;6
3.000000;9.000000;0.454168;0.596944;0.633092;0.509683;0.239073;0.211832;0.329209;0.258160;9
3.000000;3.000000;0.463395;0.537197;0.618179;0.387030;0.233511;0.221076;0.357476;0.180149;6
1.000000;2.000000;0.523132;0.467134;0.534176;0.524046;0.277481;0.280503;0.266093;0.245916;6
0.000000;4.000000;0.599227;0.409410;0.623256;0.381077;0.392566;0.200101;0.215144;0.207466;6
0.000000;3.000000;0.485022;0.507518;0.540315;0.488591;0.278929;0.255413;0.264249;1.000000;6
3.000000;4.000000;0.594487;0.535018;0.688857;0.364960;0.330151;0.197566;0.304055;0.175903;9
3.000000;7.000000;0.504683;0.520207;0.506724;0.565108;0.216583;0.267640;0.260074;0.245503;6
0.000000;6.000000;0.478750;0.523261;0.489175;0.518921;0.245894;0.244829;0.256481;0.258928;6
2.000000;7.000000;0.496429;0.546208;0.535277;0.458477;0.276876;0.219869;0.263888;0.262488;6
0.000000;1.000000;0.426941;0.573724;0.620855;0.378597;0.228881;0.225383;0.412787;0.164699;6
3.000000;6.000000;0.551355;0.523924;0.565416;0.479052;0.301528;0.244302;0.274491;0.211057;9
3.000000;10.000000;0.653210;0.578315;0.632953;0.623449;0.340989;0.307117;0.284657;0.270372;12
0.000000;6.000000;0.529230;0.519528;0.527916;0.536569;0.243076;0.290721;0.294864;1.000000;6
0.000000;6.000000;0.490370;0.542374;0.566152;1.000000;0.277318;0.215680;0.292201;1.000000;6
2.000000;8.000000;0.588448;0.462536;0.491512;0.500748;0.287167;0.264069;0.227856;0.244622;6
3.000000;7.000000;0.467808;0.695295;0.412025;0.659003;0.198529;0.217821;0.205862;0.368089;6
3.000000;9.000000;0.473271;0.634255;0.485595;0.692458;0.227019;0.242963;0.229224;0.364976;9
1.000000;4.000000;0.489707;0.504594;0.519273;0.495007;0.257027;0.256187;0.268889;1.000000;6
2.000000;1.000000;0.520558;0.484684;0.544820;0.444779;0.306829;0.218587;0.264155;0.214512;6
2.000000;3.000000;0.531931;0.512466;0.522761;0.468320;0.289664;0.263557;0.242519;0.273264;6
1.000000;1.000000;0.478047;0.513910;0.544903;0.458670;0.280722;0.214706;0.281121;0.262787;6
3.000000;2.000000;0.506460;0.524207;0.570696;0.468179;0.263266;0.232035;0.278953;0.244193;9
2.000000;6.000000;0.487624;0.541108;0.592578;0.397568;0.255103;0.219849;0.321484;0.229685;6
2.000000;7.000000;0.553299;0.508359;0.395937;0.598896;0.217441;0.290610;0.190655;0.321820;6
0.000000;3.000000;0.555901;0.501497;0.526365;0.521413;0.286889;0.299959;0.206067;0.258807;6
3.000000;7.000000;0.563863;0.444361;0.400042;0.615563;0.226180;0.308098;0.185863;0.267443;6
3.000000;8.000000;0.569831;0.526200;0.467692;0.565485;0.245171;0.302749;0.212692;0.279840;9
0.000000;3.000000;0.500584;0.542911;0.472914;0.527945;0.246707;0.266578;0.236052;0.287311;6
1.000000;2.000000;0.488791;0.505417;0.485519;0.524657;0.262532;0.256308;0.256189;0.282564;6
0.000000;3.000000;0.553894;1.000000;0.490248;0.542718;0.289869;0.288499;0.232790;1.000000;6
0.000000;1.000000;0.534860;0.521486;0.542665;0.457801;0.293279;0.239677;0.289468;0.250898;6
2.000000;2.000000;0.532373;0.514215;0.493014;0.504991;0.263686;0.265960;0.252725;0.258864;9
3.000000;8.000000;0.656448;1.000000;0.646188;1.000000;0.323669;0.258544;0.254690;0.252047;12
0.000000;3.000000;0.609567;0.446215;0.627246;0.457006;0.352569;0.260350;0.243557;1.000000;6
0.000000;3.000000;0.511305;0.493490;0.518081;0.484407;0.269821;0.246041;0.237763;0.257802;6
0.000000;1.000000;0.587213;0.494862;0.555790;0.504928;0.314884;0.308375;0.264164;1.000000;6
2.000000;2.000000;0.557556;0.494340;0.491472;0.496452;0.269243;0.316626;0.246482;1.000000;6
3.000000;4.000000;0.649756;0.421947;0.543738;0.455662;0.317962;0.272078;0.196107;0.223252;9
3.000000;8.000000;0.599012;0.463628;0.313439;0.701952;0.201270;0.383746;0.127965;0.291478;6
1.000000;8.000000;0.513204;0.483679;0.658770;0.400556;0.367713;0.192385;0.276574;0.222547;6
0.000000;1.000000;0.557640;0.508556;0.452093;0.557380;0.228578;0.294482;0.271784;0.244062;6
0.000000;2.000000;0.572321;0.450167;0.464395;0.566301;0.233433;0.322596;0.213101;0.231922;6
3.000000;8.000000;0.769068;0.294161;0.613768;0.608247;0.394728;0.367310;0.135734;0.163611;9
0.000000;2.000000;0.482222;0.628132;0.483828;0.516426;0.194747;0.291640;0.311103;1.000000;6
0.000000;1.000000;0.491519;0.522982;0.568501;0.516952;0.312977;0.255721;0.243295;1.000000;6
2.000000;2.000000;0.481344;0.531591;0.503696;0.486331;0.234222;0.262261;0.276447;0.250529;6
1.000000;1.000000;0.505580;0.486432;0.605517;0.454503;0.317643;0.195983;0.284462;0.275801;6
3.000000;2.000000;0.458191;0.539290;0.532786;0.489684;0.251225;0.221092;0.292849;0.239329;9
0.000000;5.000000;0.511164;0.581741;0.529952;0.537762;0.256714;0.295054;0.298464;1.000000;6
0.000000;5.000000;0.520751;0.515439;0.536771;0.534792;0.291682;0.275079;0.310657;1.000000;6
0.000000;5.000000;0.483832;0.544579;0.550324;0.521530;0.262004;0.245973;0.316873;1.000000;6
0.000000;2.000000;0.540644;0.571261;0.503192;0.620962;0.223661;0.316299;0.295921;0.295988;6
0.000000;4.000000;0.495390;0.555162;0.544683;0.490084;0.277309;0.212292;0.282960;0.245934;9
3.000000;7.000000;0.725690;1.000000;0.457887;0.750568;0.247438;0.403342;0.191796;0.268887;12
1.000000;8.000000;0.438941;0.553808;0.473807;0.563247;0.218487;0.277425;0.271075;0.276618;6
2.000000;6.000000;0.544409;0.541459;0.444017;0.549252;0.206699;0.299704;0.236455;0.266041;6
0.000000;1.000000;0.510812;0.496636;0.503212;0.497385;0.255200;0.264007;0.274334;1.000000;6
1.000000;3.000000;0.557435;0.432675;0.507715;0.522358;0.246979;0.307843;0.253042;0.205587;6
3.000000;6.000000;0.701109;0.365968;0.457472;0.672760;0.268351;0.384369;0.168751;0.217659;9
0.000000;3.000000;0.557704;0.559487;0.474379;0.527898;0.258869;0.283970;0.240280;1.000000;6
2.000000;1.000000;0.525569;0.486365;0.574032;0.417635;0.321030;0.222351;0.288777;1.000000;6
2.000000;3.000000;0.516786;0.546503;0.436630;0.554173;0.251254;0.264355;0.238712;0.301350;6
0.000000;1.000000;0.494718;0.503720;0.532764;0.472841;0.271497;0.240183;0.267132;0.231571;6
2.000000;2.000000;0.523488;0.512375;0.531979;0.464397;0.274946;0.242122;0.270528;0.238064;9
0.000000;6.000000;0.522687;0.600827;0.503385;0.618893;0.277770;0.261835;0.256940;1.000000;6
1.000000;2.000000;0.411213;0.581331;0.649606;0.376677;0.247539;0.188241;0.404679;0.199489;6
2.000000;5.000000;0.489674;0.575422;0.462662;0.529666;0.218865;0.285669;0.247758;0.295041;6
2.000000;2.000000;0.492765;0.600614;0.559409;0.432414;0.254602;0.174576;0.325974;0.251857;6
3.000000;6.000000;0.470681;0.545227;0.525601;0.553349;0.222520;0.262486;0.278474;0.266271;9
0.000000;3.000000;0.534034;0.515479;0.441347;0.558987;0.234499;0.318219;0.211075;1.000000;6
2.000000;1.000000;0.501942;0.547983;0.499738;0.492676;0.255089;0.253838;0.283176;0.253059;6
2.000000;4.000000;0.537386;0.539840;0.461202;0.531410;0.223026;0.288372;0.258617;0.273507;6
0.000000;2.000000;0.520474;0.537338;0.520659;0.499394;0.249687;0.256883;0.306871;1.000000;6
3.000000;2.000000;0.519355;0.519596;0.536059;0.483887;0.253594;0.256855;0.280039;0.230573;9
3.000000;9.000000;0.627168;1.000000;0.604995;1.000000;0.315148;0.258827;0.236291;0.266672;12
0.000000;2.000000;0.518918;0.484949;0.415978;0.580135;0.185531;0.333897;0.244292;1.000000;6
1.000000;1.000000;0.505299;0.488951;0.475099;0.547118;0.267664;0.249585;0.225537;0.273480;6
1.000000;1.000000;0.522317;0.471642;0.535064;0.492468;0.290321;0.243774;0.243552;0.267082;6
0.000000;1.000000;0.551426;0.483402;0.531424;0.499626;0.290176;0.280156;0.252668;1.000000;6
3.000000;2.000000;0.511271;0.488443;0.494651;0.515912;0.243898;0.273674;0.246219;0.243042;9
1.000000;1.000000;0.486676;0.506550;0.488341;0.564279;0.242726;0.271586;0.280711;1.000000;6
0.000000;5.000000;0.513870;0.484813;0.465461;0.545366;0.262931;0.277686;0.236406;1.000000;6
0.000000;1.000000;0.531277;0.499937;0.577769;0.433709;0.301573;0.239109;0.284716;1.000000;6
0.000000;2.000000;0.463654;0.538270;0.459404;0.546816;0.246497;0.243605;0.223154;0.296884;6
3.000000;5.000000;0.507406;0.540741;0.458854;0.571568;0.221134;0.270692;0.236662;0.278881;9
1.000000;1.000000;0.477225;0.516895;0.511219;0.517240;0.206088;0.265001;0.292341;0.275866;6
3.000000;10.000000;0.345197;0.695316;0.363984;0.643773;0.193892;0.144614;0.189057;0.478579;6
1.000000;7.000000;0.377722;0.617950;0.392166;0.611373;0.189645;0.211488;0.217578;0.379887;6
3.000000;8.000000;0.509420;0.525748;0.522517;0.515295;0.242317;0.265325;0.275010;0.243313;6
3.000000;9.000000;0.406339;0.654784;0.384457;0.682835;0.158340;0.248308;0.216449;0.421405;9
3.000000;10.000000;0.419229;0.599949;0.498879;1.000000;0.170906;0.237599;0.312492;0.287842;6
3.000000;11.000000;0.501618;0.511290;0.504237;0.534585;0.250963;0.257402;0.247849;0.257640;6
3.000000;6.000000;0.491686;0.516622;0.533970;0.480902;0.268526;0.228885;0.268145;0.258619;6
1.000000;7.000000;0.430358;0.566628;0.515610;0.531620;0.214745;0.227870;0.293270;0.295755;6
3.000000;10.000000;0.604913;1.000000;0.548973;1.000000;0.286067;0.318389;0.251985;0.216388;9
3.000000;9.000000;0.352036;1.000000;0.490823;1.000000;0.169031;0.177667;0.312610;0.447237;12
0.000000;4.000000;0.491898;0.518603;0.496251;0.530596;0.260793;0.227340;0.254325;0.287884;6
1.000000;4.000000;0.464259;0.530542;0.512902;0.525333;0.202947;0.263176;0.303064;0.280875;6
2.000000;8.000000;0.517370;0.620464;0.554613;0.440373;0.272796;0.259311;0.294047;0.246383;6
0.000000;8.000000;0.554624;0.467719;0.540512;0.566055;0.306748;0.270166;0.236223;0.248721;6
3.000000;8.000000;0.439978;0.599212;0.580506;0.471562;0.223591;0.225369;0.307952;0.248427;9
0.000000;4.000000;0.428822;0.573132;0.557104;0.516374;0.267974;0.205860;0.298850;1.000000;6
2.000000;7.000000;0.537376;0.532461;0.485380;0.509169;0.246536;0.277893;0.272329;0.259416;6
0.000000;8.000000;0.563633;0.519358;0.556909;0.498374;0.299274;0.282790;0.282800;1.000000;6
1.000000;8.000000;0.499816;0.492822;0.527778;0.502455;0.280395;0.244031;0.253351;0.256764;6
3.000000;8.000000;0.545336;0.479526;0.476891;0.567278;0.220485;0.311385;0.231606;0.242210;9
3.000000;8.000000;0.354489;0.737599;0.683909;1.000000;0.209228;0.118232;0.355021;0.319584;6
1.000000;4.000000;0.370081;0.625007;0.522229;0.475125;0.211642;0.194671;0.350336;0.290457;6
3.000000;10.000000;0.598044;0.421249;0.435143;0.598932;0.237353;0.342568;0.200727;0.227984;6
3.000000;6.000000;0.489427;0.557107;0.683447;0.401353;0.276747;0.178702;0.330652;0.209049;6
3.000000;8.000000;0.535357;1.000000;0.701300;1.000000;0.350601;0.132719;0.302810;0.316139;9
1.000000;3.000000;0.375435;0.619488;0.509245;0.518586;0.196730;0.195058;0.321973;0.287219;6
1.000000;4.000000;0.390395;0.604303;0.563592;0.492439;0.225166;0.158480;0.327902;0.291347;6
0.000000;7.000000;0.543234;0.515067;0.537220;0.504254;0.295842;0.260821;0.281041;0.237765;6
0.000000;8.000000;0.485518;0.568749;0.558735;0.548589;0.237342;0.241908;0.311114;0.250633;6
3.000000;10.000000;0.375898;0.638163;0.535465;0.559384;0.186956;0.180676;0.310758;0.332600;9
3.000000;10.000000;0.435243;0.831641;0.794708;1.000000;0.220229;0.184170;0.478362;0.272933;12
3.000000;8.000000;0.500244;0.569223;0.285462;0.726451;0.118567;0.346220;0.173317;0.353923;6
3.000000;7.000000;0.529326;0.494378;0.553125;0.476534;0.299665;0.202651;0.247120;0.258010;6
3.000000;6.000000;0.492442;0.549212;0.419021;0.596542;0.223661;0.273367;0.203514;0.323302;6
2.000000;9.000000;0.474215;0.554865;0.500423;0.497377;0.239516;0.240759;0.265365;0.281446;6
3.000000;10.000000;0.463117;0.586369;0.429374;0.612829;0.206953;0.254547;0.228492;0.353616;9
3.000000;11.000000;0.437153;0.604517;0.512697;0.512922;0.190463;0.237220;0.309331;0.274982;6
3.000000;9.000000;0.557959;0.482061;0.469225;0.560712;0.261232;0.284168;0.208982;0.240926;6
3.000000;9.000000;0.449368;0.560709;0.585201;0.450354;0.246523;0.208030;0.307153;0.235097;6
3.000000;6.000000;0.570433;0.491323;0.488207;0.525756;0.238249;0.306482;0.225120;0.222634;6
3.000000;11.000000;0.584120;1.000000;0.596210;0.469161;0.286641;0.295944;0.308785;0.166160;9
3.000000;11.000000;0.401880;0.635422;0.431686;0.608023;0.121845;0.264784;0.279833;0.335397;6
1.000000;11.000000;0.529223;0.468667;0.560689;0.482650;0.293578;0.249219;0.251041;0.216849;6
3.000000;11.000000;0.539890;0.530523;0.365234;0.646306;0.211185;0.300696;0.159153;0.334349;6
3.000000;11.000000;0.663746;0.370424;0.437608;0.605836;0.282813;0.375182;0.137047;0.207221;6
3.000000;11.000000;0.580685;1.000000;0.496698;0.595020;0.244013;0.302605;0.257573;0.277761;9
3.000000;9.000000;0.611940;0.413644;0.558309;0.450260;0.306055;0.303660;0.252310;0.143803;6
2.000000;11.000000;0.505902;0.526721;0.475008;0.522425;0.238116;0.275088;0.236229;0.283240;6
3.000000;7.000000;0.647415;1.000000;0.702313;0.332213;0.428385;0.197486;0.270978;0.136430;6
3.000000;11.000000;0.693450;0.347918;0.431809;0.619286;0.255441;0.430483;0.180156;0.167648;6
3.000000;10.000000;0.583472;1.000000;0.528241;0.577484;0.283002;0.270160;0.233714;0.287095;9
3.000000;11.000000;0.508617;1.000000;0.601272;1.000000;0.235289;0.265363;0.347331;0.303039;12
3.000000;9.000000;0.524885;0.515547;0.537341;0.470471;0.269086;0.227359;0.278702;0.226941;6
3.000000;9.000000;0.559575;0.519156;0.482881;0.533136;0.265831;0.264104;0.216489;0.253199;6
3.000000;9.000000;0.597076;0.426395;0.474883;0.539385;0.295054;0.309625;0.181436;0.226487;6
3.000000;10.000000;0.563170;0.495065;0.468165;0.577409;0.229928;0.302634;0.235215;0.229785;6
3.000000;10.000000;0.612293;1.000000;0.485151;0.624047;0.251076;0.303867;0.229880;0.296118;9
0.000000;7.000000;0.574361;0.510681;0.537083;0.499862;0.286131;0.289598;0.264055;1.000000;6
1.000000;7.000000;0.501450;0.495914;0.511414;0.498758;0.276611;0.255843;0.248115;0.244807;6
3.000000;5.000000;0.627322;0.406835;0.636127;0.502649;0.309464;0.312340;0.203287;0.164934;6
1.000000;6.000000;0.672064;0.322757;0.579695;0.551097;0.354293;0.332371;0.183843;0.168276;6
3.000000;7.000000;0.616554;0.466563;0.510732;0.554444;0.278888;0.329673;0.233569;0.203140;9
3.000000;8.000000;0.602091;1.000000;0.594302;1.000000;0.300913;0.256077;0.275935;0.217449;6
3.000000;9.000000;0.529315;0.532375;0.410228;0.618539;0.234113;0.276024;0.183797;0.345079;6
3.000000;7.000000;0.675666;0.357087;0.649048;0.380745;0.446819;0.219631;0.205774;0.160346;6
2.000000;9.000000;0.521603;0.521711;0.329575;0.667376;0.165230;0.324348;0.173083;0.349789;6
3.000000;10.000000;0.596955;1.000000;0.575126;0.551886;0.312176;0.262692;0.240302;0.265817;9
3.000000;1.000000;0.570394;0.599536;0.787318;0.210069;0.398347;0.088112;0.391396;0.119868;6
0.000000;1.000000;0.497538;0.535989;0.527738;0.509364;0.259362;0.262182;0.287355;1.000000;6
3.000000;8.000000;0.475547;0.539430;0.655978;0.364387;0.338205;0.138110;0.306615;0.211556;6
1.000000;2.000000;0.560750;0.431730;0.544199;0.526832;0.296396;0.277849;0.242572;0.252711;6
3.000000;2.000000;0.636640;1.000000;0.924992;1.000000;0.420293;0.102640;0.478940;0.117565;9
3.000000;9.000000;0.608607;1.000000;0.728417;1.000000;0.352066;0.228770;0.360561;0.305395;12
1.000000;4.000000;0.466350;0.528782;0.543729;0.479972;0.252515;0.208698;0.286885;0.243761;6
1.000000;4.000000;0.476703;0.517364;0.582155;0.510415;0.254749;0.248564;0.315079;0.231605;6
0.000000;8.000000;0.492546;0.529704;0.497003;0.522561;0.228635;0.279271;0.280420;0.274621;6
1.000000;8.000000;0.475214;0.519471;0.506791;0.555902;0.260866;0.252885;0.269254;1.000000;6
3.000000;8.000000;0.519695;0.486213;0.546892;0.512740;0.280290;0.239434;0.248269;0.259085;9
1.000000;4.000000;0.469252;0.525809;0.498500;0.535688;0.255973;0.230089;0.267936;0.274850;6
2.000000;4.000000;0.479672;0.572534;0.465222;0.527309;0.217946;0.260548;0.270246;0.315711;6
0.000000;8.000000;0.528475;0.482192;0.496248;0.527235;0.264498;0.298540;0.233227;0.249043;6
0.000000;7.000000;0.504086;0.535815;0.523466;0.518374;0.264638;0.290854;0.287878;1.000000;6
1.000000;7.000000;0.462893;0.535043;0.485148;0.547102;0.223415;0.238902;0.253674;0.282247;9
1.000000;3.000000;0.385863;0.609818;0.531891;0.481617;0.225277;0.178959;0.342898;0.279706;6
1.000000;2.000000;0.463710;0.531185;0.548573;0.529504;0.237793;0.288424;0.289768;0.251489;6
0.000000;8.000000;0.524625;0.477116;0.477125;0.531774;0.259136;0.267189;0.211305;0.262225;6
0.000000;9.000000;0.561392;0.498203;0.570486;0.436444;0.312587;0.237620;0.280034;0.203342;6
3.000000;10.000000;0.356017;0.687521;0.557870;0.544652;0.189855;0.169038;0.344361;0.329844;9
1.000000;5.000000;0.492797;0.502941;0.455442;0.573119;0.278623;0.266450;0.181735;0.308208;6
1.000000;9.000000;0.389507;0.607222;0.512803;0.485948;0.196372;0.203451;0.339563;0.275457;6
1.000000;8.000000;0.540532;0.452656;0.401208;0.664003;0.199126;0.355613;0.196993;0.260536;6
0.000000;10.000000;0.547726;0.500945;0.511657;0.503266;0.302199;0.294922;0.213468;1.000000;6
3.000000;10.000000;0.532180;0.535649;0.454628;0.561505;0.230817;0.289386;0.235363;0.278179;9
3.000000;10.000000;0.456889;0.650642;0.614604;0.523073;0.226866;0.221104;0.330154;0.268097;12
2.000000;3.000000;0.541781;0.490773;0.456042;0.537726;0.237510;0.283083;0.259998;0.231775;6
2.000000;6.000000;0.556106;0.444193;0.449360;0.543580;0.263940;0.300511;0.213554;0.235902;6
2.000000;2.000000;0.574394;0.586910;0.609300;0.385537;0.293464;0.215178;0.329806;0.193854;6
2.000000;6.000000;0.590881;0.546617;0.495159;0.498287;0.293942;0.293635;0.237341;0.282519;6
3.000000;5.000000;0.519442;0.624808;0.606808;0.477563;0.269655;0.247467;0.314885;0.247535;9
2.000000;2.000000;0.456771;0.583313;0.633114;0.359627;0.285493;0.167499;0.347367;0.204836;6
2.000000;6.000000;0.591455;0.474222;0.546033;0.446889;0.306980;0.286534;0.254994;0.197953;6
2.000000;2.000000;0.592243;0.514023;0.569475;0.426084;0.320356;0.220736;0.259160;0.198803;6
2.000000;6.000000;0.542506;0.501812;0.546727;0.447025;0.305974;0.262386;0.261674;0.221482;6
3.000000;6.000000;0.533663;0.620884;0.616816;0.414847;0.301399;0.200524;0.341252;0.220807;9
2.000000;7.000000;0.540392;0.484422;0.484169;0.511938;0.246847;0.312788;0.244676;0.246421;6
0.000000;9.000000;0.541413;0.459118;0.562553;0.484498;0.306849;0.269991;0.249842;0.229083;6
1.000000;7.000000;0.716633;0.276936;0.602233;0.514902;0.387951;0.334738;0.149604;0.157193;6
1.000000;7.000000;0.667290;0.328817;0.587044;0.546522;0.359318;0.353850;0.179165;0.156045;6
3.000000;8.000000;0.619394;0.412373;0.522429;0.545083;0.297543;0.327067;0.211721;0.200676;9
3.000000;5.000000;0.467532;0.566125;0.611602;0.382120;0.281781;0.154949;0.338191;0.218844;6
2.000000;6.000000;0.523866;0.532416;0.405219;0.588459;0.189496;0.316914;0.227092;0.286739;6
3.000000;4.000000;0.653289;0.393306;0.594967;0.444725;0.357178;0.239991;0.196871;0.195396;6
2.000000;6.000000;0.572317;0.435500;0.402696;0.591449;0.227020;0.340058;0.176938;0.253575;6
3.000000;7.000000;0.593034;0.553886;0.592188;0.455345;0.320884;0.242199;0.277915;0.227940;9
0.000000;1.000000;0.493043;0.629544;0.567582;0.531123;0.293967;0.231344;0.292998;1.000000;6
0.000000;1.000000;0.532094;0.507115;0.457766;0.583903;0.264467;0.282113;0.221550;0.331647;6
2.000000;1.000000;0.559389;0.517560;0.494641;0.495028;0.295155;0.261830;0.277488;0.267877;6
0.000000;2.000000;0.456366;0.571456;0.530489;0.507265;0.228174;0.280176;0.340833;1.000000;6
3.000000;3.000000;0.509362;0.509926;0.510780;0.507048;0.249086;0.243061;0.247662;0.260904;9
2.000000;1.000000;0.477665;0.520551;0.482577;0.509607;0.232684;0.304757;0.266628;0.256666;6
2.000000;5.000000;0.562658;0.570364;0.487113;0.504321;0.239568;0.283367;0.260656;0.292797;6
2.000000;2.000000;0.508710;0.498280;0.510395;0.482254;0.269135;0.260267;0.287572;0.249909;6
2.000000;6.000000;0.573370;0.541339;0.459973;0.532823;0.242681;0.285139;0.231895;0.235245;6
2.000000;6.000000;0.520682;0.544984;0.487784;0.508776;0.248996;0.260511;0.261191;0.264077;9
3.000000;7.000000;0.748864;1.000000;0.636875;0.545189;0.387855;0.311088;0.175212;0.196533;12
2.000000;1.000000;0.582033;0.567046;0.621414;0.372973;0.342218;0.213875;0.315401;0.206819;6
2.000000;7.000000;0.515182;0.515400;0.475471;0.518417;0.239310;0.264190;0.242351;0.263163;6
2.000000;2.000000;0.533716;0.550045;0.585951;0.405697;0.335394;0.179768;0.270423;0.247244;6
2.000000;7.000000;0.525639;0.542109;0.520443;0.473151;0.274858;0.258053;0.289406;0.277187;6
3.000000;6.000000;0.567119;0.576128;0.549630;0.494754;0.280568;0.246096;0.282655;0.253175;9
2.000000;2.000000;0.508689;0.566022;0.517302;0.477241;0.291043;0.238049;0.253250;0.258227;6
2.000000;7.000000;0.524112;0.527030;0.466570;0.524285;0.261133;0.245853;0.232508;0.309631;6
2.000000;2.000000;0.514913;0.607459;0.569024;0.425541;0.294729;0.204479;0.309085;0.241999;6
2.000000;7.000000;0.531455;0.497012;0.535829;0.457482;0.307905;0.223584;0.233150;0.239899;6
3.000000;6.000000;0.536556;0.583772;0.604915;0.421875;0.306629;0.183651;0.304251;0.242297;9
1.000000;9.000000;0.565966;0.429088;0.553530;0.460615;0.340852;0.253140;0.191703;0.214975;6
1.000000;9.000000;0.477182;0.518146;0.514965;0.520822;0.287841;0.225287;0.245998;0.251375;6
0.000000;5.000000;0.497884;0.527795;0.552529;0.478182;0.246529;0.240395;0.286278;0.244501;6
1.000000;5.000000;0.467615;0.524656;0.514485;0.488341;0.255443;0.241182;0.280871;0.271644;6
3.000000;8.000000;0.520299;0.493833;0.531324;0.522720;0.271415;0.251449;0.247545;0.260451;9
1.000000;9.000000;0.555509;0.440840;0.527378;0.540867;0.313773;0.286139;0.195429;0.235776;6
0.000000;9.000000;0.548556;0.454870;0.564010;0.494109;0.303006;0.272166;0.257773;1.000000;6
1.000000;4.000000;0.406458;0.588957;0.520288;0.510675;0.211602;0.206034;0.294646;0.322028;6
0.000000;4.000000;0.467085;0.533154;0.461899;0.544854;0.236237;0.250834;0.249389;1.000000;6
3.000000;8.000000;0.546826;0.470719;0.549444;0.495260;0.292343;0.250370;0.231166;0.229028;9
0.000000;6.000000;0.467321;0.541738;0.535822;0.509844;0.273297;0.232318;0.305718;1.000000;6
0.000000;6.000000;0.595732;0.483427;0.545160;0.533313;0.307920;0.310862;0.256485;1.000000;6
1.000000;1.000000;0.480204;0.512621;0.543686;0.484501;0.270384;0.259300;0.276184;1.000000;6
0.000000;2.000000;0.453702;0.548317;0.517970;0.484490;0.258487;0.204364;0.275735;1.000000;6
3.000000;5.000000;0.546008;0.452611;0.479833;0.543384;0.272209;0.274450;0.208173;0.242320;9
0.000000;6.000000;0.514935;0.500133;0.554240;0.474659;0.274057;0.221724;0.256279;0.235547;6
0.000000;6.000000;0.483588;0.522127;0.555426;0.452932;0.294330;0.232911;0.274707;1.000000;6
0.000000;1.000000;0.483741;0.513756;0.473319;0.534727;0.238568;0.278082;0.250106;0.266834;6
0.000000;2.000000;0.494713;0.509723;0.464411;0.530313;0.245206;0.270177;0.263358;1.000000;6
3.000000;6.000000;0.553510;0.446188;0.536710;0.484432;0.300980;0.253695;0.226655;0.215334;9
3.000000;7.000000;0.575084;0.498280;0.510320;0.573861;0.266016;0.286294;0.231132;0.254811;12
3.000000;9.000000;0.559488;0.436815;0.438270;0.569984;0.222347;0.336012;0.225267;0.218478;6
2.000000;9.000000;0.546005;0.469827;0.537220;0.454961;0.309263;0.215761;0.243374;0.233027;6
2.000000;4.000000;0.442795;0.566473;0.533191;0.459918;0.258634;0.209680;0.278404;0.274878;6
3.000000;4.000000;0.367705;0.641794;0.485723;0.520214;0.198399;0.192833;0.281190;0.316459;6
3.000000;8.000000;0.562150;0.489586;0.533784;0.539139;0.269981;0.288685;0.231808;0.251263;9
3.000000;6.000000;0.530306;0.472959;0.545199;0.490600;0.298144;0.213551;0.222623;0.252817;6
2.000000;2.000000;0.498268;0.530586;0.524994;0.468232;0.297401;0.222442;0.256446;0.265354;6
3.000000;5.000000;0.452847;0.565187;0.560133;0.453638;0.194166;0.254327;0.333708;0.213029;6
2.000000;2.000000;0.525263;0.530393;0.467950;0.526340;0.239954;0.267734;0.265584;0.274922;6
3.000000;3.000000;0.520186;0.569960;0.627909;0.435072;0.266462;0.230475;0.324492;0.217314;9
1.000000;7.000000;0.456778;0.535888;0.496864;0.560574;0.245384;0.227979;0.256397;0.300559;6
2.000000;7.000000;0.524456;0.469253;0.499999;0.491244;0.258476;0.276729;0.268563;0.258730;6
0.000000;1.000000;0.503833;0.490788;0.489421;0.534365;0.253150;0.300160;0.244361;1.000000;6
1.000000;6.000000;0.363596;0.629523;0.400493;0.598979;0.185804;0.204342;0.227513;0.409638;6
3.000000;7.000000;0.544857;0.490655;0.478706;0.598577;0.265713;0.291408;0.200151;0.279606;9
3.000000;4.000000;0.567764;0.453439;0.565217;0.472493;0.282104;0.227438;0.239956;0.250791;6
1.000000;2.000000;0.500673;0.491975;0.503361;0.491966;0.276712;0.264352;0.240287;0.230343;6
3.000000;12.000000;0.307363;0.759579;0.570359;0.474250;0.139161;0.174635;0.385965;0.308670;6
3.000000;12.000000;0.620709;0.404927;0.529991;0.506648;0.281631;0.339853;0.229777;0.154066;6
3.000000;12.000000;0.383693;0.717004;0.592232;1.000000;0.203456;0.175566;0.353641;0.346343;9
3.000000;11.000000;0.539455;1.000000;0.499756;1.000000;0.252725;0.268532;0.229885;0.404309;12
1.000000;2.000000;0.473101;0.520833;0.555725;0.490076;0.258122;0.228886;0.284973;1.000000;6
1.000000;1.000000;0.517811;0.476888;0.551590;0.457872;0.275893;0.250564;0.292937;0.238885;6
3.000000;6.000000;0.543581;0.473114;0.563833;0.433575;0.308020;0.210711;0.251159;0.223562;6
1.000000;2.000000;0.506907;0.487430;0.545530;0.454913;0.252376;0.252589;0.275239;0.235470;6
3.000000;6.000000;0.452904;0.581989;0.568242;0.478836;0.228223;0.224117;0.333899;0.240374;9
0.000000;2.000000;0.504102;0.526497;0.518926;0.503202;0.251799;0.264553;0.269950;1.000000;6
0.000000;1.000000;0.497624;0.543150;0.495920;0.530017;0.245525;0.262190;0.271340;1.000000;6
0.000000;2.000000;0.588054;0.437284;0.511545;0.516378;0.283979;0.310716;0.234495;1.000000;6
0.000000;2.000000;0.587859;0.475641;0.566818;0.556058;0.343536;0.296428;0.243408;1.000000;6
0.000000;2.000000;0.525133;0.495982;0.525172;0.504739;0.262546;0.264836;0.251140;0.237202;9
2.000000;4.000000;0.546072;0.524168;0.553198;0.442304;0.262857;0.274431;0.307779;1.000000;6
1.000000;1.000000;0.506156;0.487596;0.617598;0.381833;0.317631;0.207226;0.293610;0.182702;6
0.000000;4.000000;0.533441;0.527321;0.563320;0.432621;0.306092;0.217104;0.272941;1.000000;6
2.000000;1.000000;0.492015;0.538689;0.550368;0.443456;0.275622;0.223604;0.292331;0.228632;6
3.000000;6.000000;0.518410;0.513431;0.585957;0.437204;0.295116;0.202193;0.288536;0.216309;9
0.000000;1.000000;0.549544;0.459580;0.495387;0.514040;0.260429;0.302334;0.273679;1.000000;6
2.000000;9.000000;0.376497;0.644591;0.229558;0.764116;0.147807;0.239016;0.119081;0.511647;6
1.000000;2.000000;0.531386;0.462148;0.565514;0.438848;0.306605;0.221270;0.244557;0.227056;6
2.000000;12.000000;0.565888;0.529333;0.261331;0.732927;0.139261;0.396953;0.144026;0.356986;6
3.000000;11.000000;0.455633;0.699634;0.353627;0.712436;0.151185;0.274883;0.202294;0.450764;9
3.000000;9.000000;0.486745;0.651938;0.557235;1.000000;0.260809;0.217567;0.279948;0.345522;12
3.000000;12.000000;0.355072;0.699514;0.378206;0.683137;0.116403;0.230619;0.252213;0.420944;6
3.000000;10.000000;0.729728;1.000000;0.644092;1.000000;0.400365;0.287088;0.193419;0.115907;6
3.000000;7.000000;0.507257;1.000000;0.676095;1.000000;0.282075;0.218654;0.294417;0.202279;6
2.000000;2.000000;0.468946;0.584722;0.620864;0.370508;0.277009;0.179632;0.360765;0.219551;6
3.000000;11.000000;0.674659;1.000000;0.703323;1.000000;0.373605;0.300489;0.323488;0.172709;9
3.000000;2.000000;0.609767;0.410194;0.593656;0.474383;0.347022;0.249794;0.206726;0.216731;6
1.000000;4.000000;0.475889;0.519258;0.485776;0.514973;0.240991;0.263160;0.271644;0.273381;6
0.000000;3.000000;0.527924;0.507125;0.484285;0.538929;0.251010;0.258033;0.229248;0.278827;6
2.000000;6.000000;0.542092;0.521985;0.463443;0.530000;0.241648;0.291002;0.230795;0.291419;6
3.000000;6.000000;0.558678;1.000000;0.509588;0.548187;0.279987;0.255372;0.207285;0.289921;9
2.000000;7.000000;0.575171;1.000000;0.595583;0.399490;0.306007;0.176564;0.312322;0.201637;6
2.000000;2.000000;0.569969;0.524437;0.631898;0.363300;0.369280;0.182157;0.364687;0.197569;6
3.000000;7.000000;0.611419;1.000000;0.554059;0.445495;0.341136;0.255946;0.216613;0.211659;6
3.000000;7.000000;0.517659;0.497621;0.489202;0.509146;0.285556;0.207409;0.220828;0.289630;6
3.000000;7.000000;0.609661;1.000000;0.695198;1.000000;0.369113;0.220217;0.298017;0.238630;9
0.000000;4.000000;0.487878;0.513642;0.470386;0.535892;0.192702;0.267249;0.278269;0.249162;6
2.000000;8.000000;0.548400;0.506780;0.372320;0.623241;0.188514;0.354345;0.197223;0.282440;6
2.000000;4.000000;0.518656;0.555428;0.481011;0.511442;0.259770;0.248053;0.270716;1.000000;6
3.000000;7.000000;0.616299;1.000000;0.374214;0.670408;0.228921;0.361502;0.151108;0.253813;6
3.000000;7.000000;0.529739;1.000000;0.394530;1.000000;0.206517;0.321422;0.177218;0.379171;9
3.000000;6.000000;0.723819;1.000000;0.861968;1.000000;0.469791;0.204695;0.351993;0.231712;12
3.000000;12.000000;0.469814;0.610385;0.212472;0.793243;0.102227;0.330590;0.113996;0.448483;6
3.000000;5.000000;0.428855;0.639799;0.664333;0.372479;0.236058;0.188621;0.381979;0.185643;6
3.000000;10.000000;0.678412;0.366985;0.312771;0.768042;0.152386;0.490363;0.163134;0.196219;6
3.000000;6.000000;0.578996;1.000000;0.738824;1.000000;0.392005;0.110907;0.309269;0.183864;6
3.000000;11.000000;0.559087;1.000000;0.621860;1.000000;0.347128;0.189541;0.259097;0.316890;9
3.000000;8.000000;0.407334;0.630345;0.498043;0.505989;0.201313;0.189611;0.292266;0.313747;6
3.000000;7.000000;0.380726;0.655664;0.619794;0.427883;0.217883;0.154548;0.388231;0.254496;6
3.000000;10.000000;0.391045;0.634531;0.498434;0.555305;0.159485;0.237027;0.336424;0.294116;6
3.000000;10.000000;0.496362;0.603470;0.543475;0.564754;0.262617;0.233159;0.257406;0.297001;6
3.000000;10.000000;0.442637;0.675134;0.556341;1.000000;0.194096;0.242889;0.323814;0.350999;9
3.000000;7.000000;0.428470;0.611660;0.419684;0.588328;0.221689;0.210129;0.236740;0.355732;6
3.000000;11.000000;0.576510;1.000000;0.573578;1.000000;0.231246;0.327049;0.270299;0.205189;6
3.000000;9.000000;0.632069;0.384503;0.536108;0.505237;0.308293;0.304056;0.212774;0.182046;6
3.000000;9.000000;0.581759;0.500596;0.403854;0.614318;0.243738;0.293543;0.149840;0.310699;6
3.000000;12.000000;0.687154;1.000000;0.554463;1.000000;0.230666;0.443158;0.287805;0.217877;9
3.000000;9.000000;0.560246;1.000000;0.570992;0.550376;0.218462;0.315142;0.332813;0.186585;6
3.000000;8.000000;0.628507;0.420643;0.548939;0.501323;0.343293;0.217483;0.177129;0.256270;6
3.000000;7.000000;0.570647;0.482451;0.641149;0.407320;0.301454;0.221399;0.315097;0.167421;6
1.000000;9.000000;0.649238;0.347795;0.538813;0.520505;0.332601;0.314173;0.188835;0.166936;6
3.000000;9.000000;0.555720;1.000000;0.732622;1.000000;0.312541;0.243464;0.361292;0.227468;9
3.000000;10.000000;0.747415;1.000000;0.744479;1.000000;0.380902;0.336385;0.333084;0.304190;12
0.000000;7.000000;0.528096;0.523554;0.521620;0.523849;0.290563;0.288965;0.279731;1.000000;6
3.000000;11.000000;0.515299;0.522701;0.321816;0.696022;0.139836;0.355215;0.174964;0.334698;6
2.000000;7.000000;0.457165;0.625627;0.426496;0.567385;0.228487;0.230815;0.234076;0.364957;6
3.000000;3.000000;0.553468;0.526310;0.687056;0.334109;0.334950;0.177304;0.318374;0.168260;6
3.000000;11.000000;0.658053;1.000000;0.328647;0.810657;0.135082;0.468918;0.172626;0.278959;9
2.000000;10.000000;0.545393;0.553532;0.490479;0.506309;0.262369;0.240653;0.222107;0.277043;6
3.000000;9.000000;0.315359;0.698479;0.584997;0.433228;0.194653;0.159603;0.380657;0.249435;6
2.000000;6.000000;0.563249;0.477988;0.507407;0.489406;0.263922;0.271783;0.244959;0.242621;6
3.000000;6.000000;0.502973;0.492790;0.539453;0.495056;0.256575;0.248494;0.272888;0.223318;6
3.000000;10.000000;0.725722;1.000000;0.824136;1.000000;0.479241;0.160353;0.278711;0.194500;9
3.000000;7.000000;0.542712;0.518120;0.461024;0.554027;0.217683;0.310851;0.252816;0.258114;6
3.000000;11.000000;0.452759;0.613456;0.562975;0.452786;0.260866;0.166749;0.302208;0.268006;6
3.000000;11.000000;0.515385;0.577792;0.340688;0.738810;0.185778;0.299744;0.124494;0.390440;6
2.000000;7.000000;0.576371;0.481384;0.620133;0.375616;0.345826;0.213444;0.295053;0.173904;6
3.000000;12.000000;0.566711;1.000000;0.488766;1.000000;0.192273;0.360867;0.285674;0.260894;9
3.000000;4.000000;0.445927;0.574284;0.609695;0.410580;0.229136;0.229206;0.350453;0.206028;6
3.000000;4.000000;0.496645;0.564384;0.561603;0.435025;0.272831;0.209361;0.271837;0.236637;6
3.000000;12.000000;0.640940;1.000000;0.459599;0.587203;0.305313;0.311073;0.134801;0.252996;6
3.000000;12.000000;0.625605;0.396309;0.560949;0.499180;0.346045;0.254329;0.198129;0.200398;6
3.000000;11.000000;0.447019;1.000000;0.596048;1.000000;0.246513;0.177414;0.347298;0.304925;9
3.000000;11.000000;0.636634;1.000000;0.675068;1.000000;0.320794;0.292959;0.337332;0.300246;12
2.000000;2.000000;0.575672;0.472696;0.653220;0.340120;0.361140;0.197626;0.310354;1.000000;6
2.000000;8.000000;0.518651;0.495842;0.316861;0.677562;0.173617;0.342319;0.143715;0.373208;6
2.000000;2.000000;0.591144;0.469277;0.603325;0.390170;0.345283;0.212981;0.267786;0.213177;6
2.000000;8.000000;0.525957;0.506019;0.365269;0.628925;0.187147;0.322989;0.176515;0.295921;6
3.000000;7.000000;0.634288;1.000000;0.559288;1.000000;0.300171;0.271681;0.249231;0.256469;9
3.000000;11.000000;0.561712;1.000000;0.455301;0.616829;0.267343;0.266124;0.192341;0.301169;6
3.000000;7.000000;0.532170;0.496306;0.680517;0.334004;0.352495;0.179218;0.300215;0.171631;6
3.000000;6.000000;0.680853;1.000000;0.672720;1.000000;0.309853;0.231347;0.347867;0.110587;6
3.000000;9.000000;0.520263;0.585424;0.553991;0.442966;0.309826;0.207567;0.238410;0.239681;6
3.000000;10.000000;0.607627;1.000000;0.630099;1.000000;0.378853;0.211074;0.231290;0.376327;9
1.000000;1.000000;0.477151;0.511446;0.566216;0.438996;0.340990;0.165224;0.247410;1.000000;6
2.000000;6.000000;0.403029;0.600499;0.384242;0.608466;0.178242;0.236543;0.208889;0.389515;6
3.000000;5.000000;0.363202;0.690934;0.496042;1.000000;0.159893;0.210760;0.296232;0.335223;6
3.000000;3.000000;0.691924;0.375863;0.606845;0.434547;0.390840;0.240123;0.183231;0.177196;6
3.000000;5.000000;0.453615;1.000000;0.539046;1.000000;0.174703;0.273466;0.361856;0.248758;9
2.000000;5.000000;0.512772;0.584435;0.676141;0.320388;0.377867;0.134452;0.341819;0.196841;6
3.000000;10.000000;0.751714;1.000000;0.552109;0.547618;0.376009;0.283551;0.133718;0.227580;6
3.000000;8.000000;0.431360;0.628461;0.479367;0.559732;0.210145;0.206015;0.242849;0.335762;6
3.000000;10.000000;0.328522;0.683269;0.456633;0.616369;0.130743;0.191965;0.305427;0.379816;6
3.000000;10.000000;0.566986;1.000000;0.471785;0.651234;0.215039;0.311805;0.266603;0.323914;9
3.000000;11.000000;0.727692;1.000000;0.439445;1.000000;0.219414;0.464428;0.210381;0.450771;12
3.000000;10.000000;0.526310;0.521317;0.547833;0.541766;0.227846;0.282450;0.245873;0.245700;6
3.000000;4.000000;0.521801;0.522619;0.662849;0.344815;0.333919;0.162269;0.330326;0.184387;6
3.000000;9.000000;0.564124;0.466246;0.627198;1.000000;0.285853;0.243437;0.278393;0.204396;6
3.000000;5.000000;0.481966;0.536894;0.699718;0.295735;0.317368;0.161543;0.366158;0.157488;6
3.000000;8.000000;0.674508;1.000000;0.657936;1.000000;0.341996;0.227484;0.331043;0.201815;9
3.000000;7.000000;0.608561;0.430641;0.391284;1.000000;0.215564;0.367972;0.171105;0.262504;6
3.000000;4.000000;0.439291;0.605996;0.610982;0.400534;0.261441;0.192406;0.335153;0.206946;6
0.000000;3.000000;0.583538;0.452380;0.506752;0.513488;0.287014;0.309294;0.226204;1.000000;6
2.000000;9.000000;0.558040;1.000000;0.549535;0.447458;0.313875;0.222574;0.287196;0.244565;6
3.000000;9.000000;0.549835;1.000000;0.390853;1.000000;0.226353;0.298697;0.149118;0.406230;9
3.000000;7.000000;0.506489;0.530030;0.507355;0.492798;0.228392;0.231722;0.294874;0.244146;6
2.000000;4.000000;0.578837;1.000000;0.678059;0.315426;0.371278;0.174254;0.311065;0.153325;6
3.000000;3.000000;0.647731;1.000000;0.789619;1.000000;0.420553;0.150773;0.317536;0.114285;6
2.000000;3.000000;0.647415;1.000000;0.562853;0.430425;0.325894;0.270189;0.240142;0.185217;6
3.000000;7.000000;0.616326;1.000000;0.738727;1.000000;0.377978;0.212578;0.335922;0.216734;9
0.000000;3.000000;0.435024;0.569790;0.469112;0.526449;0.194086;0.247396;0.283859;0.259887;6
3.000000;10.000000;0.553841;1.000000;0.386876;0.673977;0.219087;0.273857;0.135408;0.388199;6
3.000000;3.000000;0.330188;0.675016;0.564319;1.000000;0.191939;0.173525;0.319652;0.346600;6
3.000000;10.000000;0.416019;0.612816;0.451538;0.581617;0.105249;0.288798;0.316930;0.302507;6
3.000000;10.000000;0.469685;1.000000;0.338641;1.000000;0.137439;0.314035;0.191875;0.436876;9
3.000000;9.000000;0.623295;1.000000;0.723271;1.000000;0.340308;0.251408;0.372341;0.296115;12
0.000000;9.000000;0.428158;0.569556;0.468165;0.537091;0.224574;0.227939;0.257376;0.306067;6
1.000000;9.000000;0.439033;0.555100;0.592861;0.565899;0.244055;0.187485;0.315961;0.309838;6
1.000000;6.000000;0.535616;0.460294;0.549129;0.528285;0.251289;0.332678;0.255579;0.240421;6
1.000000;6.000000;0.469933;0.525972;0.528110;0.488802;0.272070;0.262077;0.254718;0.239872;6
3.000000;10.000000;0.447899;0.561706;0.520415;0.517742;0.223313;0.239922;0.281793;0.271191;9
2.000000;8.000000;0.403843;0.610546;0.473616;0.519008;0.204490;0.232856;0.303521;0.296259;6
1.000000;8.000000;0.463453;0.532198;0.456892;0.558925;0.208086;0.246818;0.232179;0.303647;6
0.000000;6.000000;0.474024;0.534610;0.519552;0.529951;0.248555;0.241423;0.287246;1.000000;6
0.000000;6.000000;0.598286;0.426018;0.516875;0.573773;0.285798;0.354909;0.225190;1.000000;6
3.000000;9.000000;0.528714;0.487840;0.472767;0.528900;0.217022;0.290112;0.249035;0.246189;9
1.000000;4.000000;0.489499;0.504926;0.548660;0.455054;0.246118;0.240034;0.309075;1.000000;6
1.000000;3.000000;0.445798;0.549206;0.529608;0.510454;0.232556;0.248950;0.281227;0.296796;6
3.000000;12.000000;0.422529;0.628188;0.522694;0.519789;0.244640;0.155159;0.261242;0.334922;6
3.000000;7.000000;0.338699;0.681722;0.594342;1.000000;0.164722;0.163271;0.386569;0.288620;6
3.000000;9.000000;0.373269;0.710056;0.574846;1.000000;0.192200;0.182379;0.375224;0.318731;9
0.000000;3.000000;0.533310;0.503547;0.519304;0.497642;0.248376;0.283305;0.271598;1.000000;6
0.000000;5.000000;0.513521;0.509322;0.511945;0.516439;0.259850;0.265483;0.238966;0.240732;6
0.000000;2.000000;0.543707;0.464929;0.490104;0.520521;0.271055;0.285294;0.210334;0.251158;6
0.000000;2.000000;0.561960;0.465528;0.491730;0.507711;0.308299;0.254148;0.215535;1.000000;6
1.000000;6.000000;0.501508;0.496102;0.489630;0.510970;0.244233;0.264510;0.252198;0.241968;9
3.000000;9.000000;0.518717;1.000000;0.672879;1.000000;0.241911;0.261361;0.376199;0.221210;12
2.000000;2.000000;0.510116;0.555793;0.620795;0.374037;0.299341;0.199022;0.326510;0.189012;6
2.000000;7.000000;0.562888;0.540109;0.482413;0.510514;0.263102;0.278616;0.215553;0.262526;6
0.000000;3.000000;0.539020;0.492275;0.542454;0.456511;0.303800;0.225582;0.234938;0.238371;6
2.000000;7.000000;0.561087;0.495508;0.461659;0.531060;0.241314;0.301064;0.252426;1.000000;6
3.000000;6.000000;0.612794;1.000000;0.635188;1.000000;0.324231;0.235546;0.275945;0.215466;9
2.000000;2.000000;0.547361;0.536205;0.522798;0.470765;0.306690;0.259471;0.245936;1.000000;6
0.000000;7.000000;0.520428;0.525116;0.516065;0.480220;0.246292;0.266151;0.270872;0.248586;6
2.000000;2.000000;0.535218;0.488195;0.558936;0.434689;0.298324;0.218166;0.245287;0.229968;6
2.000000;7.000000;0.516289;0.505106;0.490645;0.501211;0.251802;0.261923;0.240199;0.250618;6
3.000000;6.000000;0.528009;0.512542;0.526848;0.492333;0.256311;0.256857;0.254081;0.240448;9
1.000000;2.000000;0.381661;0.613045;0.528273;0.500663;0.173130;0.227236;0.338412;0.287005;6
3.000000;9.000000;0.648997;0.365007;0.429249;0.648702;0.239111;0.409176;0.186485;0.187092;6
2.000000;2.000000;0.571624;1.000000;0.593347;0.399010;0.354716;0.202161;0.259883;0.221377;6
0.000000;2.000000;0.560450;1.000000;0.512387;0.501028;0.310274;0.263184;0.262635;1.000000;6
3.000000;8.000000;0.688990;1.000000;0.533788;1.000000;0.267997;0.364897;0.257397;0.182591;9
3.000000;12.000000;0.469717;0.574396;0.478501;0.536249;0.261732;0.198492;0.217672;0.340143;6
2.000000;1.000000;0.450417;0.561770;0.538601;0.453968;0.212177;0.255201;0.314485;0.215004;6
2.000000;9.000000;0.510277;0.506361;0.415095;0.581547;0.217290;0.259792;0.205648;0.319721;6
3.000000;1.000000;0.469439;0.599869;0.623510;0.429418;0.244640;0.219596;0.340810;0.198208;6
3.000000;5.000000;0.647752;1.000000;0.758643;1.000000;0.431243;0.158836;0.288310;0.198868;9
1.000000;2.000000;0.487992;0.501790;0.592226;0.415204;0.284604;0.217936;0.314665;0.190301;6
2.000000;5.000000;0.443445;0.576404;0.356620;0.636520;0.180313;0.241595;0.196030;0.396702;6
3.000000;3.000000;0.566331;0.440552;0.638084;0.358475;0.357719;0.191152;0.285845;0.171814;6
3.000000;7.000000;0.420220;0.602895;0.397784;0.598956;0.164736;0.237868;0.228130;0.369372;6
3.000000;7.000000;0.439636;0.643081;0.465925;0.590789;0.196509;0.235232;0.267982;0.344927;9
3.000000;11.000000;0.484925;0.546332;0.470273;0.575748;0.178314;0.280658;0.237755;0.298283;6
2.000000;2.000000;0.536880;0.509735;0.669613;0.324973;0.332135;0.176436;0.324087;0.177220;6
3.000000;11.000000;0.513778;0.519587;0.521370;0.502505;0.252171;0.262375;0.260864;0.228680;6
2.000000;2.000000;0.559752;0.502689;0.660439;0.334353;0.381983;0.168600;0.304719;0.168720;6
3.000000;11.000000;0.531960;1.000000;0.643414;0.442584;0.297866;0.209162;0.359577;0.220443;9
3.000000;11.000000;0.608897;1.000000;0.492817;1.000000;0.237913;0.345768;0.241271;0.404757;12
0.000000;1.000000;0.486133;0.528107;0.510888;0.495384;0.250807;0.262178;0.309097;1.000000;6
2.000000;7.000000;0.536183;0.569340;0.465539;0.527773;0.235387;0.278843;0.251675;0.284253;6
1.000000;1.000000;0.487264;0.507807;0.539468;0.459560;0.258553;0.231519;0.252325;0.273303;6
2.000000;7.000000;0.512954;0.553204;0.443117;0.550876;0.213882;0.311595;0.259608;0.287464;6
3.000000;6.000000;0.511741;0.545828;0.501891;0.520822;0.238953;0.244980;0.260729;0.282667;9
0.000000;2.000000;0.501530;0.517083;0.492066;0.518678;0.262784;0.260684;0.273985;1.000000;6
3.000000;7.000000;0.527509;0.501492;0.460597;0.549275;0.253691;0.249592;0.199220;0.321851;6
2.000000;2.000000;0.534329;0.481561;0.458933;0.533172;0.247289;0.286262;0.257932;1.000000;6
2.000000;8.000000;0.579595;0.567479;0.484221;0.509223;0.261884;0.327522;0.247465;0.310016;6
3.000000;7.000000;0.527100;0.525428;0.488734;0.537291;0.236078;0.269414;0.252083;0.271994;9
1.000000;7.000000;0.574090;0.417131;0.563483;0.497030;0.343653;0.265987;0.221303;0.223359;6
2.000000;2.000000;0.557035;0.457037;0.515942;0.475309;0.293456;0.247675;0.241396;0.237593;6
1.000000;1.000000;0.481685;0.510849;0.486998;0.544306;0.267872;0.254003;0.225375;0.296281;6
2.000000;2.000000;0.495778;0.516992;0.468015;0.518960;0.215337;0.300799;0.295303;1.000000;6
3.000000;4.000000;0.648053;0.412713;0.553270;0.492461;0.327331;0.295252;0.219126;0.190365;9
1.000000;1.000000;0.464075;0.528706;0.554089;0.475815;0.250378;0.267350;0.320164;1.000000;6
3.000000;11.000000;0.488586;0.587324;0.277450;0.726862;0.122551;0.338142;0.146655;0.396259;6
0.000000;2.000000;0.591657;0.452896;0.562930;0.498072;0.329278;0.245479;0.257856;1.000000;6
3.000000;8.000000;0.511626;0.558901;0.520709;0.476252;0.195745;0.293641;0.288256;0.212180;6
3.000000;12.000000;0.607021;1.000000;0.340120;0.744280;0.166067;0.402291;0.162442;0.341956;9
3.000000;6.000000;0.616463;1.000000;0.588778;1.000000;0.224753;0.279352;0.311062;0.175648;6
2.000000;7.000000;0.522975;1.000000;0.522672;0.471433;0.259729;0.237604;0.273272;0.253553;6
3.000000;5.000000;0.522369;0.483899;0.548384;0.452419;0.314977;0.212468;0.211041;0.255509;6
3.000000;7.000000;0.568496;0.494628;0.444386;0.599865;0.243722;0.336633;0.205386;0.265001;6
3.000000;7.000000;0.635957;1.000000;0.560833;1.000000;0.305933;0.312465;0.241608;0.276227;9
2.000000;4.000000;0.524380;0.488089;0.506756;0.487162;0.282495;0.253766;0.247142;0.254211;6
3.000000;5.000000;0.403251;0.617371;0.443647;0.630218;0.183343;0.251801;0.252699;0.360097;6
3.000000;3.000000;0.530808;0.509348;0.589036;0.418544;0.279023;0.228304;0.308784;0.171116;6
3.000000;2.000000;0.539890;0.513700;0.573610;0.478027;0.305756;0.229127;0.256651;0.230227;6
3.000000;5.000000;0.599551;1.000000;0.463102;0.606625;0.241107;0.339531;0.230057;0.253982;9
0.000000;1.000000;0.601737;0.407034;0.605264;0.399281;0.389032;0.218176;0.226468;0.191284;6
2.000000;2.000000;0.525613;0.500500;0.490503;0.502398;0.244725;0.293277;0.254585;0.260845;6
0.000000;2.000000;0.516930;0.492921;0.532098;0.492936;0.267696;0.257607;0.256497;0.251945;6
2.000000;2.000000;0.516501;0.503404;0.484295;0.508923;0.225568;0.283025;0.277442;0.244860;6
3.000000;2.000000;0.540033;0.487647;0.547782;0.475779;0.285866;0.237571;0.244532;0.245058;9
3.000000;8.000000;0.514704;0.521213;0.529387;0.489720;0.251638;0.245742;0.256981;0.250117;6
3.000000;11.000000;0.753097;1.000000;0.432495;0.631783;0.324723;0.376809;0.084736;0.239306;6
3.000000;9.000000;0.630056;0.450645;0.457374;0.564843;0.274533;0.306979;0.170487;0.248439;6
0.000000;7.000000;0.656040;1.000000;0.311381;0.695454;0.171592;0.454610;0.193429;1.000000;6
3.000000;9.000000;0.774713;1.000000;0.683079;1.000000;0.411267;0.343200;0.272025;0.105474;9
3.000000;11.000000;0.385484;0.706603;0.454700;0.628535;0.180969;0.165057;0.242937;0.407034;6
3.000000;11.000000;0.522184;0.526829;0.569735;0.481927;0.285621;0.232475;0.277102;0.247811;6
3.000000;11.000000;0.524724;0.543011;0.447166;0.616554;0.218652;0.283083;0.227362;0.332288;6
3.000000;6.000000;0.633474;1.000000;0.723505;1.000000;0.396173;0.206746;0.285173;0.107097;6
3.000000;11.000000;0.637737;1.000000;0.507134;1.000000;0.282151;0.347640;0.224599;0.243472;9
3.000000;8.000000;0.709713;0.324885;0.319547;0.705870;0.181611;0.502606;0.148227;0.180708;6
3.000000;9.000000;0.488704;0.575620;0.604125;1.000000;0.300875;0.177645;0.252762;0.293727;6
2.000000;3.000000;0.521835;0.518244;0.486494;0.506630;0.242660;0.291963;0.263826;1.000000;6
3.000000;11.000000;0.613854;0.466549;0.274727;0.822428;0.168061;0.421073;0.105976;0.315439;6
3.000000;10.000000;0.685541;1.000000;0.350191;1.000000;0.222110;0.440546;0.122967;0.344260;9
3.000000;4.000000;0.565644;1.000000;0.623020;0.380340;0.367188;0.187368;0.250087;0.202296;6
3.000000;11.000000;0.555389;1.000000;0.521255;0.508927;0.207681;0.235622;0.281578;0.269340;6
3.000000;9.000000;0.420602;0.639608;0.604642;0.432601;0.235013;0.161427;0.331807;0.269672;6
1.000000;5.000000;0.600074;0.394945;0.742906;1.000000;0.444608;0.179228;0.287111;0.115138;6
3.000000;10.000000;0.601779;1.000000;0.477609;1.000000;0.172060;0.391497;0.294174;0.268235;9
1.000000;10.000000;0.552358;0.442654;0.552198;0.492624;0.280257;0.259810;0.261922;0.193624;6
2.000000;5.000000;0.544024;0.572724;0.540689;0.452575;0.290308;0.181465;0.273325;0.279404;6
2.000000;6.000000;0.514434;0.495251;0.478314;0.515951;0.286344;0.227317;0.216493;0.278276;6
2.000000;8.000000;0.545284;0.527465;0.530244;0.463305;0.309863;0.220020;0.227719;0.250959;6
3.000000;11.000000;0.738630;1.000000;0.663923;1.000000;0.388967;0.238030;0.243400;0.237896;9
2.000000;1.000000;0.564595;0.449871;0.492582;0.500338;0.293814;0.282914;0.237275;1.000000;6
2.000000;8.000000;0.509101;0.572345;0.493216;0.501097;0.214018;0.290963;0.275568;0.269135;6
2.000000;1.000000;0.456054;0.560660;0.486688;0.505817;0.238456;0.228888;0.289643;0.284088;6
2.000000;8.000000;0.487064;0.552003;0.497810;0.495820;0.236341;0.254019;0.270207;0.309359;6
2.000000;7.000000;0.558125;0.505169;0.444394;0.552126;0.234264;0.294671;0.220653;0.276962;9
1.000000;4.000000;0.296736;0.692407;0.785734;0.239956;0.207869;0.098012;0.567683;0.125091;6
3.000000;8.000000;0.367794;0.760065;0.849820;1.000000;0.197434;0.179028;0.530241;0.095029;9
1.000000;7.000000;0.273170;0.711687;0.300500;0.712721;0.110738;0.210369;0.224879;0.474941;6
3.000000;9.000000;0.352625;0.823536;0.792999;1.000000;0.180221;0.144379;0.449228;0.222278;9
1.000000;3.000000;0.431815;0.553524;0.707122;0.303922;0.293242;0.217184;0.366311;0.187973;6
3.000000;4.000000;0.626570;0.500334;0.889065;1.000000;0.465852;0.086879;0.379269;0.088072;9
3.000000;6.000000;0.620286;0.473682;0.567462;0.458531;0.311100;0.216410;0.245946;0.209302;9
3.000000;10.000000;0.757350;1.000000;0.719484;1.000000;0.383223;0.343014;0.327620;0.268226;12
2.000000;7.000000;0.302691;0.973032;0.218494;0.760352;0.109163;0.164004;0.186069;0.542965;6
3.000000;9.000000;0.266135;1.000000;0.331739;1.000000;0.116544;0.146115;0.211132;0.670155;9
0.000000;4.000000;0.340445;0.621888;0.560544;1.000000;0.242864;0.255659;0.375654;1.000000;6
0.000000;2.000000;1.000000;1.000000;1.000000;1.000000;1.000000;1.000000;1.000000;1.000000;6
2.000000;2.000000;0.511634;0.557000;0.662980;0.314801;0.301815;0.190827;0.387469;1.000000;9
0.000000;7.000000;0.607602;0.650473;0.374722;0.609102;0.248255;0.428514;0.172585;1.000000;6
2.000000;7.000000;0.768644;0.636814;0.288555;0.668998;0.264894;0.482935;0.207752;1.000000;6
3.000000;8.000000;0.698780;0.481473;0.371352;0.658714;0.214782;0.374540;0.174283;0.281876;9
0.000000;2.000000;0.778368;1.000000;0.882250;1.000000;0.633532;1.000000;1.000000;1.000000;6
1.000000;2.000000;0.536914;0.434301;0.626546;0.389708;0.343266;0.208988;0.307216;1.000000;9
3.000000;8.000000;0.862405;1.000000;0.937665;1.000000;0.408067;0.216449;0.339614;0.180586;12
2.000000;4.000000;0.945659;1.000000;0.666001;0.311895;0.511769;0.182367;0.151633;0.173959;9
3.000000;8.000000;0.654519;0.358476;0.173551;0.875695;0.154026;0.451812;0.085796;0.272130;6
1.000000;8.000000;0.593344;0.396417;0.716904;0.345608;0.461902;0.162352;0.270087;0.212358;6
3.000000;8.000000;1.000000;1.000000;0.706245;1.000000;0.488977;0.491636;0.071900;0.077179;9
0.000000;2.000000;1.000000;1.000000;1.000000;1.000000;1.000000;1.000000;1.000000;1.000000;6
0.000000;2.000000;0.475953;0.677169;0.638727;0.413524;0.314170;0.246430;0.377988;1.000000;9
0.000000;4.000000;0.484446;0.521307;0.606991;0.446340;0.320193;0.192042;0.288308;0.216966;9
3.000000;7.000000;0.973974;1.000000;0.392789;1.000000;0.240235;0.667608;0.106546;0.283160;12
2.000000;6.000000;0.718184;0.639647;0.424888;0.555025;0.272004;0.453125;0.204828;0.328715;6
3.000000;6.000000;1.000000;1.000000;0.457805;0.912134;0.306773;0.639376;0.116663;0.105149;9
0.000000;3.000000;1.000000;1.000000;1.000000;1.000000;1.000000;1.000000;1.000000;1.000000;6
2.000000;2.000000;0.593047;1.000000;0.661023;0.309868;0.408081;0.205189;0.390063;1.000000;9
2.000000;6.000000;0.494892;0.515733;0.465875;0.521303;0.194188;0.230282;0.271469;0.303579;9
0.000000;3.000000;1.000000;1.000000;1.000000;1.000000;1.000000;1.000000;1.000000;1.000000;6
2.000000;2.000000;0.456314;0.649303;0.591476;0.373580;0.312891;0.221690;0.452199;1.000000;9
3.000000;9.000000;0.818632;1.000000;0.956914;1.000000;0.488201;0.199756;0.315293;0.198968;12
0.000000;2.000000;1.000000;1.000000;1.000000;1.000000;1.000000;1.000000;1.000000;1.000000;6
0.000000;2.000000;0.588433;1.000000;0.559171;1.000000;0.333592;0.309835;0.281641;1.000000;9
0.000000;5.000000;0.517358;0.473666;0.267724;0.719925;0.143328;0.378050;0.157252;0.392987;9
1.000000;10.000000;0.101671;0.880447;0.122935;0.867499;0.093681;0.072616;0.087759;1.000000;6
0.000000;7.000000;0.166441;0.820641;0.182804;0.821630;0.142175;0.138641;0.147110;1.000000;6
3.000000;8.000000;0.568647;0.428708;0.529605;1.000000;0.288490;0.285261;0.241663;0.194188;6
3.000000;9.000000;0.288490;1.000000;0.170358;1.000000;0.043776;0.257183;0.139104;0.591821;9
1.000000;10.000000;0.343073;0.648911;0.423722;0.568464;0.103666;0.255564;0.348714;0.321119;6
3.000000;11.000000;0.517011;0.486804;0.489914;0.557666;0.257805;0.266610;0.244519;0.262381;6
0.000000;6.000000;0.468276;0.549859;0.537212;1.000000;0.282520;0.224219;0.300557;1.000000;6
1.000000;7.000000;0.338838;0.645518;0.500624;0.486430;0.221195;0.159983;0.256264;0.334152;6
3.000000;10.000000;0.753007;1.000000;0.575532;1.000000;0.338002;0.370541;0.206526;0.161799;9
3.000000;9.000000;0.123725;1.000000;0.422330;1.000000;0.043436;0.071083;0.377207;0.657890;12
3.000000;8.000000;0.278047;0.768926;0.700949;0.359862;0.162243;0.139482;0.459890;0.222151;9
1.000000;8.000000;0.486674;0.497765;0.417436;0.656595;0.147964;0.352379;0.291403;0.279549;9
1.000000;8.000000;0.186124;0.808851;0.738539;1.000000;0.142662;0.070450;0.407041;0.394349;6
0.000000;4.000000;0.275431;0.708743;0.654757;0.407389;0.214775;0.170229;0.482998;1.000000;6
2.000000;10.000000;0.673862;1.000000;0.374822;0.614121;0.255431;0.397419;0.149771;0.197663;6
2.000000;6.000000;0.498589;0.575778;0.656672;0.335715;0.327486;0.159881;0.346844;0.180484;6
3.000000;8.000000;0.546413;1.000000;0.759897;1.000000;0.409623;0.078440;0.277908;0.407218;9
0.000000;7.000000;0.557743;0.519160;0.565854;0.524420;0.321503;0.276850;0.341799;1.000000;6
0.000000;8.000000;0.468670;0.594887;0.600322;0.561518;0.256524;0.255154;0.384454;1.000000;6
1.000000;10.000000;0.181561;0.812933;0.495447;0.560680;0.078855;0.110152;0.394677;0.429464;9
3.000000;10.000000;0.311212;1.000000;1.000000;1.000000;0.173299;0.095145;0.724856;0.266356;12
3.000000;8.000000;0.476417;1.000000;0.086328;0.937047;0.071468;0.411399;0.070718;0.409104;6
0.000000;7.000000;0.494187;0.494614;0.568897;0.447754;0.357103;0.152067;0.221557;0.275189;6
1.000000;6.000000;0.399872;0.585209;0.337410;0.672354;0.186451;0.264968;0.170256;1.000000;6
1.000000;9.000000;0.467480;0.528768;0.504486;0.499405;0.250922;0.222527;0.275366;1.000000;6
3.000000;10.000000;0.396597;0.645493;0.373305;0.668226;0.176247;0.218188;0.197409;0.443594;9
1.000000;11.000000;0.361784;0.633249;0.524418;0.476493;0.177343;0.194702;0.342734;0.284148;6
0.000000;9.000000;0.567903;0.465731;0.426371;0.593622;0.255418;0.315736;0.182948;1.000000;6
3.000000;9.000000;0.410356;0.604680;0.610545;0.399378;0.219334;0.210626;0.364776;0.205525;6
2.000000;6.000000;0.663205;0.372689;0.527094;0.451628;0.291951;0.390734;0.250264;1.000000;6
3.000000;11.000000;0.547700;1.000000;0.646504;1.000000;0.277272;0.280330;0.361673;0.111428;9
1.000000;11.000000;0.330179;0.662529;0.332191;0.661311;0.050138;0.283277;0.289615;0.367534;6
3.000000;11.000000;0.561126;0.437361;0.548803;0.469205;0.304816;0.265259;0.254229;0.174554;6
3.000000;11.000000;0.563923;0.493157;0.272786;0.736980;0.175457;0.350548;0.097529;0.365933;6
2.000000;11.000000;0.782924;0.302652;0.371180;0.622764;0.292209;0.490643;0.101244;0.195277;6
3.000000;11.000000;0.570057;1.000000;0.468774;1.000000;0.221470;0.316291;0.263231;0.293194;9
3.000000;9.000000;0.687452;0.307944;0.537363;0.460765;0.326146;0.350991;0.230007;0.088208;6
0.000000;11.000000;0.545387;1.000000;0.476719;0.574577;0.245758;0.283094;0.230909;1.000000;6
3.000000;7.000000;0.691311;1.000000;0.800869;1.000000;0.551317;0.156630;0.221764;0.103012;6
3.000000;11.000000;0.785182;1.000000;0.360206;0.650167;0.236410;0.529251;0.109454;0.119950;6
3.000000;10.000000;0.580808;1.000000;0.512521;1.000000;0.291114;0.248042;0.209444;0.301045;9
3.000000;11.000000;0.480575;1.000000;0.632397;1.000000;0.217171;0.252843;0.383622;0.327972;12
1.000000;9.000000;0.493421;0.493742;0.569460;0.459186;0.278975;0.227376;0.289750;0.232751;6
3.000000;9.000000;0.713261;1.000000;0.391647;0.659406;0.256973;0.317478;0.151466;0.259798;6
0.000000;9.000000;0.671800;0.357987;0.460952;1.000000;0.342554;0.346960;0.118828;1.000000;6
2.000000;10.000000;0.559094;0.476378;0.393861;0.598957;0.223569;0.332120;0.196912;0.236884;6
3.000000;10.000000;0.740300;1.000000;0.443778;0.722929;0.242932;0.329557;0.201036;0.309649;9
0.000000;7.000000;0.632138;0.586800;0.614102;0.501939;0.333569;0.324250;0.316204;1.000000;6
0.000000;7.000000;0.521386;0.558220;0.591000;0.509749;0.293101;0.292885;0.311431;1.000000;6
1.000000;5.000000;0.648516;0.324245;0.992333;1.000000;0.399928;0.371130;0.278238;0.122931;6
0.000000;6.000000;0.792909;0.243581;0.525629;0.578188;0.456721;0.340713;0.146456;1.000000;6
3.000000;7.000000;0.661799;0.388662;0.471852;0.574198;0.293875;0.375213;0.230557;0.173514;9
3.000000;8.000000;0.665952;1.000000;0.622915;1.000000;0.322411;0.299263;0.282977;0.166225;6
0.000000;9.000000;0.478330;0.551870;0.300912;0.692050;0.213399;0.299597;0.137922;0.408106;6
2.000000;7.000000;0.766443;0.227208;0.720017;0.267648;0.567403;0.185223;0.149485;0.105118;6
2.000000;9.000000;0.528641;1.000000;0.272111;0.720811;0.163039;0.374727;0.180323;1.000000;6
3.000000;10.000000;0.582460;1.000000;0.556831;0.499655;0.315261;0.232694;0.244021;0.266626;9
2.000000;1.000000;0.530802;0.594448;0.892856;0.096461;0.431426;0.062614;0.434133;0.092324;6
3.000000;8.000000;0.508892;0.631425;0.736374;0.316230;0.413957;0.082001;0.330779;0.160952;6
3.000000;10.000000;0.696290;1.000000;1.000000;1.000000;0.499666;0.035517;0.612514;0.034787;9
3.000000;9.000000;0.614303;1.000000;0.829676;1.000000;0.375664;0.190848;0.413226;0.339560;12
1.000000;8.000000;0.567008;0.419632;0.601874;0.475218;0.343381;0.196367;0.195736;0.256037;9
1.000000;7.000000;0.337664;0.648111;0.435361;0.663170;0.196680;0.235355;0.269573;0.457412;9
0.000000;8.000000;0.634738;1.000000;0.545269;0.582708;0.312367;0.323481;0.256743;1.000000;6
1.000000;10.000000;0.159249;0.836021;0.581025;0.495813;0.095299;0.073058;0.442958;0.404795;9
0.000000;5.000000;0.344033;0.687756;0.294861;0.711095;0.242835;0.239716;0.208463;1.000000;6
0.000000;9.000000;0.265498;0.782651;0.594740;0.470479;0.164347;0.157460;0.511470;1.000000;6
0.000000;10.000000;1.000000;1.000000;0.843506;1.000000;0.668772;1.000000;1.000000;1.000000;6
0.000000;10.000000;0.491756;0.590241;0.430419;0.628437;0.177450;0.319394;0.264292;1.000000;9
3.000000;10.000000;0.292317;0.939089;0.775984;1.000000;0.150910;0.147730;0.445539;0.295990;12
2.000000;2.000000;0.566072;0.696342;0.680389;0.291038;0.358943;0.207895;0.488889;1.000000;6
3.000000;5.000000;0.514499;0.788838;0.747886;1.000000;0.215249;0.263726;0.441041;0.117898;9
2.000000;6.000000;0.538904;0.750480;0.775461;0.212831;0.396152;0.091836;0.464235;0.122736;9
0.000000;7.000000;0.553159;0.502365;0.500841;0.601768;0.271221;0.340055;0.258541;1.000000;6
0.000000;9.000000;0.591011;0.530515;0.633231;0.467240;0.360321;0.292504;0.267620;1.000000;6
1.000000;7.000000;0.796134;0.186497;0.717800;0.460496;0.601109;0.361512;0.138003;1.000000;6
1.000000;8.000000;0.678935;0.317341;0.488826;0.586127;0.317537;0.379943;0.187939;0.183799;9
2.000000;5.000000;0.411427;0.751734;0.691621;0.288710;0.352347;0.131232;0.467548;1.000000;6
0.000000;6.000000;0.500603;0.671416;0.403837;0.659785;0.222998;0.331408;0.262312;1.000000;6
2.000000;6.000000;0.572217;0.454109;0.293324;0.672946;0.231414;0.403887;0.170983;1.000000;6
3.000000;7.000000;0.622969;0.469046;0.697630;0.364742;0.401704;0.188149;0.225772;0.210375;9
0.000000;2.000000;1.000000;1.000000;1.000000;1.000000;1.000000;1.000000;1.000000;1.000000;6
0.000000;3.000000;0.503666;0.488439;0.562947;0.577966;0.312652;0.272668;0.302031;1.000000;9
0.000000;6.000000;1.000000;1.000000;0.873567;1.000000;0.558195;1.000000;1.000000;1.000000;6
0.000000;6.000000;0.491630;0.523957;0.400190;0.642474;0.201094;0.320262;0.248576;1.000000;9
3.000000;7.000000;0.922893;1.000000;0.759370;1.000000;0.509843;0.325639;0.083796;0.118498;12
0.000000;2.000000;0.744381;1.000000;0.886546;1.000000;0.598516;1.000000;1.000000;1.000000;6
2.000000;6.000000;0.512167;0.550101;0.705492;0.274267;0.387849;0.139904;0.408201;1.000000;9
0.000000;7.000000;0.885283;1.000000;0.713413;1.000000;0.766103;1.000000;1.000000;1.000000;6
2.000000;6.000000;0.502853;0.566435;0.726883;0.254455;0.354317;0.134662;0.371495;1.000000;9
0.000000;5.000000;0.591290;1.000000;0.615267;1.000000;0.375680;0.394932;1.000000;1.000000;6
1.000000;8.000000;0.537655;0.448976;0.607526;0.447747;0.369956;0.242769;0.236504;1.000000;9
1.000000;8.000000;0.538708;0.452457;0.663025;1.000000;0.338510;0.230619;0.274807;0.212266;9
0.000000;2.000000;1.000000;1.000000;1.000000;1.000000;1.000000;1.000000;1.000000;1.000000;6
1.000000;5.000000;0.735519;0.243846;0.488473;0.544313;0.366221;0.429710;0.177462;1.000000;9
1.000000;6.000000;0.735681;0.252934;0.600652;0.393814;0.442724;0.263099;0.146477;0.128077;9
3.000000;7.000000;0.629013;0.404281;0.529791;0.567043;0.315364;0.308097;0.199229;0.223483;12
1.000000;8.000000;0.558861;0.433440;0.518491;0.528379;0.286304;0.321256;0.217812;0.225782;9
1.000000;6.000000;0.597742;0.382381;0.600800;1.000000;0.387426;0.266365;0.212876;1.000000;6
0.000000;5.000000;0.385455;0.708154;0.700767;1.000000;0.229634;0.195731;0.514188;1.000000;6
2.000000;3.000000;0.498744;0.524653;0.723055;0.262572;0.339036;0.130252;0.390875;0.136420;9
0.000000;6.000000;0.180242;1.000000;0.187820;1.000000;0.165151;0.156089;0.162345;1.000000;6
1.000000;7.000000;0.552293;0.437985;0.369591;1.000000;0.276059;0.313889;0.111645;0.341318;9
3.000000;12.000000;0.109554;0.880083;0.504838;0.498789;0.055604;0.088329;0.451232;0.382235;6
0.000000;12.000000;0.640601;0.365614;0.523892;0.493454;0.280234;0.350048;0.255579;0.107190;6
3.000000;12.000000;0.177702;1.000000;0.626144;1.000000;0.115585;0.066270;0.451670;0.440272;9
3.000000;11.000000;0.431512;1.000000;0.381855;1.000000;0.202486;0.208105;0.181393;0.647047;12
0.000000;2.000000;0.652947;1.000000;0.703166;1.000000;0.564285;0.312383;1.000000;1.000000;6
1.000000;6.000000;0.228646;0.754257;0.640394;1.000000;0.161916;0.132402;0.488250;1.000000;9
0.000000;2.000000;1.000000;1.000000;1.000000;1.000000;1.000000;1.000000;1.000000;1.000000;6
0.000000;2.000000;0.548268;0.505123;0.540141;0.511514;0.294642;0.282997;0.287520;1.000000;9
2.000000;6.000000;0.504850;0.485166;0.656632;0.330196;0.354621;0.161525;0.327863;0.173713;9
0.000000;9.000000;0.190264;0.797886;0.091656;0.892700;0.102101;0.174507;0.076731;1.000000;6
2.000000;12.000000;0.571298;0.522420;0.081428;0.905346;0.068298;0.510513;0.067146;0.406298;6
3.000000;11.000000;0.343440;1.000000;0.137871;1.000000;0.050545;0.293345;0.092465;0.615874;9
3.000000;9.000000;0.325946;1.000000;0.536825;1.000000;0.232523;0.088764;0.309680;0.582817;12
3.000000;12.000000;0.224423;0.803978;0.236592;0.800530;0.040465;0.194383;0.206348;0.595406;6
0.000000;10.000000;0.800970;0.214763;0.595596;0.421856;0.438919;0.377671;0.165748;1.000000;6
3.000000;7.000000;0.512400;1.000000;0.723530;1.000000;0.270218;0.235367;0.309232;0.163484;6
2.000000;2.000000;0.436572;0.611734;0.807949;0.165165;0.359343;0.148335;0.485592;1.000000;6
3.000000;11.000000;0.786164;1.000000;0.799108;1.000000;0.433430;0.279900;0.328609;0.114712;9
0.000000;4.000000;0.332203;1.000000;0.550531;1.000000;0.246280;0.233135;0.408014;1.000000;6
2.000000;6.000000;0.606023;1.000000;0.361192;0.606440;0.258276;0.408850;0.225806;1.000000;6
3.000000;6.000000;0.614661;1.000000;0.448510;0.555191;0.247397;0.252305;0.180549;0.318990;9
2.000000;7.000000;0.615135;1.000000;0.697495;0.293000;0.365737;0.159860;0.368230;0.121751;6
2.000000;7.000000;0.661071;1.000000;0.584560;0.402676;0.375274;0.289095;0.202598;0.186709;6
0.000000;7.000000;0.423245;1.000000;0.564086;1.000000;0.303939;0.152815;0.210387;1.000000;6
3.000000;7.000000;0.681069;1.000000;0.798912;1.000000;0.482615;0.141970;0.296630;0.221343;9
2.000000;8.000000;0.674439;1.000000;0.291382;0.690507;0.167876;0.447206;0.200529;0.248587;6
2.000000;7.000000;0.684376;1.000000;0.263476;0.720912;0.187403;0.500517;0.120571;0.210578;6
3.000000;7.000000;0.540834;1.000000;0.239425;1.000000;0.132613;0.407801;0.116637;0.512452;9
3.000000;11.000000;0.831694;1.000000;1.000000;1.000000;0.664958;0.124441;0.402479;0.211060;12
2.000000;12.000000;0.399500;0.598891;0.064554;0.930420;0.031668;0.369042;0.046928;0.545817;6
0.000000;5.000000;0.345353;1.000000;0.682733;0.315207;0.223198;0.180781;0.527945;1.000000;6
3.000000;10.000000;0.794096;1.000000;0.129690;0.944206;0.073417;0.727523;0.083182;0.172295;6
3.000000;6.000000;0.546861;1.000000;0.921226;1.000000;0.455897;0.070089;0.340453;0.114277;6
3.000000;11.000000;0.553837;1.000000;0.638228;1.000000;0.418486;0.119871;0.222281;0.340138;9
1.000000;8.000000;0.342390;0.642460;0.525270;1.000000;0.208454;0.161533;0.336658;1.000000;6
3.000000;7.000000;0.280520;1.000000;0.705825;1.000000;0.181098;0.084661;0.529889;0.257490;6
3.000000;10.000000;0.306243;0.709786;0.502522;0.575153;0.095803;0.211310;0.407280;0.313587;6
3.000000;10.000000;0.477810;0.586628;0.503144;1.000000;0.259426;0.219431;0.243177;0.328049;6
3.000000;10.000000;0.393747;1.000000;0.512403;1.000000;0.165939;0.221998;0.334777;0.382890;9
2.000000;7.000000;0.279619;0.706557;0.322699;0.664407;0.163688;0.186031;0.206751;0.457552;6
3.000000;11.000000;0.632082;1.000000;0.645306;1.000000;0.204447;0.389680;0.269222;0.178934;6
1.000000;9.000000;0.670251;0.319690;0.555384;1.000000;0.358585;0.330205;0.189236;0.120573;6
2.000000;9.000000;0.668342;1.000000;0.268351;0.710807;0.183003;0.367249;0.113503;0.342735;6
3.000000;12.000000;0.761871;1.000000;0.522311;1.000000;0.191982;0.545887;0.313939;0.181224;9
3.000000;9.000000;0.534837;1.000000;0.526325;0.474323;0.171954;0.320654;0.390638;0.152167;6
1.000000;8.000000;0.610276;0.373429;0.585374;1.000000;0.421830;0.191045;0.173458;1.000000;6
3.000000;7.000000;0.541550;0.481392;0.735642;1.000000;0.311727;0.195199;0.375634;0.100199;6
1.000000;9.000000;0.727485;0.261064;0.569491;0.442600;0.416412;0.374054;0.158362;1.000000;6
3.000000;9.000000;0.521992;1.000000;0.794767;1.000000;0.268821;0.203856;0.415417;0.195154;9
3.000000;10.000000;0.783214;1.000000;0.805548;1.000000;0.399614;0.356312;0.359069;0.298700;12
3.000000;11.000000;0.500263;0.520086;0.255847;0.759484;0.106826;0.395690;0.132066;0.396358;6
0.000000;7.000000;0.433575;1.000000;0.436726;1.000000;0.268777;0.297484;0.249445;1.000000;6
3.000000;3.000000;0.630492;1.000000;0.870461;1.000000;0.419762;0.120389;0.331647;0.105041;6
3.000000;11.000000;0.745046;1.000000;0.167321;1.000000;0.067138;0.633395;0.101881;0.291012;9
2.000000;10.000000;0.633778;0.613769;0.506628;0.484363;0.317475;0.281550;0.170279;0.299919;6
0.000000;6.000000;0.650705;0.354389;0.521843;0.498500;0.351163;0.333254;0.197564;1.000000;6
3.000000;10.000000;0.966489;1.000000;1.000000;1.000000;0.683616;0.106009;0.246124;0.131526;9
2.000000;7.000000;0.555245;0.520177;0.461260;0.508230;0.224482;0.359881;0.254829;1.000000;6
3.000000;11.000000;0.355294;1.000000;0.601366;0.424669;0.266815;0.091423;0.371354;0.283566;6
3.000000;11.000000;0.433418;0.603879;0.267722;0.767626;0.183857;0.262261;0.101426;0.446510;6
2.000000;7.000000;0.605484;0.447155;0.734558;0.256830;0.396473;0.195086;0.340878;0.114692;6
3.000000;12.000000;0.547489;1.000000;0.449268;1.000000;0.138604;0.388389;0.287378;0.252498;9
1.000000;4.000000;0.309918;0.673405;0.808557;1.000000;0.238359;0.178433;0.520001;0.164468;6
1.000000;4.000000;0.392890;0.581876;0.734596;1.000000;0.330306;0.170327;0.405541;1.000000;6
2.000000;12.000000;0.687892;1.000000;0.383522;0.609524;0.318255;0.359141;0.064095;0.254037;6
3.000000;12.000000;0.782239;1.000000;0.590124;1.000000;0.453114;0.296450;0.131129;0.142425;6
3.000000;11.000000;0.336174;1.000000;0.675603;1.000000;0.194172;0.108566;0.481574;0.331506;9
3.000000;11.000000;0.693098;1.000000;0.768253;1.000000;0.353513;0.285032;0.397298;0.324331;12
2.000000;8.000000;0.598876;1.000000;0.186413;0.791316;0.137533;0.408066;0.105687;1.000000;6
2.000000;8.000000;0.550145;0.571489;0.166513;0.801829;0.161812;0.529683;0.123584;1.000000;6
3.000000;7.000000;0.795407;1.000000;0.468068;1.000000;0.291953;0.338539;0.178890;0.238987;9
3.000000;11.000000;0.570437;1.000000;0.487194;1.000000;0.301853;0.233001;0.199817;0.324208;6
3.000000;7.000000;0.548142;1.000000;0.771995;1.000000;0.375244;0.171700;0.299025;0.112184;6
2.000000;6.000000;0.724874;1.000000;0.697569;0.291868;0.369154;0.221590;0.385326;0.083174;6
3.000000;9.000000;0.529843;1.000000;0.681008;0.410280;0.374837;0.166579;0.226273;0.218366;6
3.000000;10.000000;0.652672;1.000000;0.756903;1.000000;0.464949;0.189046;0.233816;0.442317;9
2.000000;6.000000;0.251228;1.000000;0.197417;0.773495;0.145353;0.202927;0.152856;1.000000;6
2.000000;5.000000;0.244465;1.000000;0.390711;0.591577;0.082076;0.183181;0.325701;0.412742;6
1.000000;3.000000;0.661201;0.296213;0.799187;1.000000;0.408711;0.311049;0.175379;0.165189;6
3.000000;5.000000;0.402593;1.000000;0.597489;1.000000;0.082614;0.252369;0.509000;0.266618;9
2.000000;5.000000;0.461995;0.561509;0.704982;0.284863;0.404687;0.096498;0.364428;0.132484;6
3.000000;10.000000;0.782295;1.000000;0.482320;1.000000;0.388577;0.309570;0.086479;0.264148;6
2.000000;8.000000;0.391787;1.000000;0.450325;0.537904;0.243025;0.146313;0.239121;0.374740;6
3.000000;10.000000;0.315031;1.000000;0.397594;1.000000;0.104363;0.216617;0.265767;0.399661;6
3.000000;10.000000;0.574593;1.000000;0.468245;1.000000;0.211774;0.314322;0.259041;0.319482;9
3.000000;11.000000;0.836796;1.000000;0.331174;1.000000;0.184988;0.604217;0.145427;0.561854;12
1.000000;10.000000;0.516065;0.473731;0.534173;1.000000;0.174199;0.359376;0.253344;0.225802;6
2.000000;4.000000;0.626876;1.000000;0.749611;0.230597;0.447761;0.159203;0.356346;0.122791;6
3.000000;9.000000;0.594252;1.000000;0.676829;1.000000;0.353862;0.262362;0.272419;0.156836;6
2.000000;5.000000;0.505048;0.662602;0.829183;0.146531;0.396421;0.133313;0.552407;1.000000;6
3.000000;8.000000;0.690974;1.000000;0.660934;1.000000;0.355063;0.220553;0.337936;0.193060;9
2.000000;7.000000;0.713266;0.281275;0.191712;0.788544;0.150690;0.546625;0.113090;0.234599;6
2.000000;4.000000;0.402635;0.706230;0.697929;0.286292;0.281481;0.131173;0.454377;0.200420;6
2.000000;9.000000;0.573732;1.000000;0.536757;0.454885;0.331822;0.219493;0.299742;1.000000;6
3.000000;9.000000;0.547873;1.000000;0.305371;1.000000;0.202451;0.308732;0.073370;0.513170;9
3.000000;7.000000;0.486283;1.000000;0.506479;0.489987;0.243508;0.197119;0.306456;0.242855;6
2.000000;4.000000;0.629516;0.494669;0.788391;0.183618;0.501942;0.133041;0.381753;0.150669;6
3.000000;3.000000;0.705542;1.000000;0.854115;0.143720;0.456880;0.105093;0.370788;0.060175;6
2.000000;3.000000;0.659283;1.000000;0.688473;0.292181;0.373278;0.236514;0.319517;0.123226;6
3.000000;7.000000;0.641431;1.000000;0.866290;1.000000;0.421892;0.163829;0.444176;0.157471;9
2.000000;10.000000;0.537287;1.000000;0.224502;0.765341;0.166847;0.301640;0.066328;0.481725;6
0.000000;3.000000;0.227245;0.758194;0.690548;1.000000;0.165067;0.168854;0.509896;1.000000;6
1.000000;10.000000;0.351451;0.640751;0.438450;1.000000;0.051491;0.311347;0.371702;0.326343;6
3.000000;10.000000;0.408595;1.000000;0.168508;1.000000;0.050621;0.342854;0.119939;0.582119;9
3.000000;9.000000;0.631225;1.000000;0.787848;1.000000;0.360841;0.240810;0.411556;0.293442;12
0.000000;6.000000;1.000000;1.000000;1.000000;1.000000;0.743164;1.000000;1.000000;1.000000;6
0.000000;10.000000;0.526294;0.493927;0.561979;0.493171;0.302257;0.237563;0.309839;1.000000;9
0.000000;9.000000;0.641731;0.348566;0.424696;0.634133;0.253225;0.369917;0.184514;0.205139;9
1.000000;12.000000;0.392024;0.597952;0.575426;1.000000;0.313444;0.106895;0.293029;0.449796;6
1.000000;7.000000;0.142525;0.843998;0.706233;1.000000;0.106701;0.094215;0.620317;0.211886;6
3.000000;9.000000;0.188966;1.000000;0.697897;1.000000;0.108388;0.099209;0.562561;0.390529;9
0.000000;2.000000;1.000000;1.000000;0.952243;1.000000;0.928933;1.000000;1.000000;1.000000;6
0.000000;6.000000;0.654727;0.373530;0.426729;0.611238;0.264525;0.408172;0.187330;1.000000;9
3.000000;10.000000;0.461790;1.000000;1.000000;1.000000;0.189419;0.238468;0.653333;0.148443;12
1.000000;2.000000;0.440675;0.525740;0.766939;0.233466;0.378820;0.161759;0.455134;0.131137;6
2.000000;6.000000;0.660215;1.000000;0.734996;0.246906;0.464980;0.146545;0.300598;0.141312;9
2.000000;6.000000;0.556136;1.000000;0.544343;0.430016;0.311117;0.227944;0.259190;0.169914;9
0.000000;2.000000;0.218341;0.802746;0.682220;1.000000;0.131985;0.183639;0.544365;1.000000;6
0.000000;9.000000;0.760955;1.000000;0.384712;1.000000;0.197122;0.647757;0.171738;1.000000;6
3.000000;8.000000;0.813021;1.000000;0.587059;1.000000;0.262518;0.398720;0.225137;0.100437;9
3.000000;12.000000;0.416110;1.000000;0.443128;1.000000;0.231589;0.183028;0.210957;0.393233;6
2.000000;9.000000;0.483041;0.560805;0.359941;0.629257;0.224820;0.264837;0.172483;0.409937;6
3.000000;11.000000;0.774197;1.000000;1.000000;1.000000;0.561519;0.052674;0.330613;0.092389;9
0.000000;5.000000;0.235114;1.000000;0.234997;0.763948;0.148894;0.190540;0.190758;1.000000;6
2.000000;3.000000;0.620588;0.387118;0.741350;0.225975;0.490331;0.152695;0.273802;0.127910;6
1.000000;7.000000;0.301839;0.679713;0.368908;0.644146;0.116115;0.246653;0.268361;1.000000;6
3.000000;7.000000;0.345116;1.000000;0.442747;1.000000;0.131021;0.194420;0.287144;0.424652;9
3.000000;11.000000;0.484730;1.000000;0.455331;1.000000;0.174523;0.284368;0.244664;0.290153;6
2.000000;2.000000;0.586573;0.426370;0.825047;0.151461;0.494358;0.096336;0.412205;1.000000;6
1.000000;11.000000;0.478678;0.513826;0.512633;0.486960;0.224109;0.260319;0.288976;0.244701;6
2.000000;2.000000;0.624260;0.428768;0.823495;0.164099;0.513882;0.100613;0.346099;1.000000;6
3.000000;11.000000;0.495132;1.000000;0.719789;1.000000;0.300712;0.167676;0.395558;0.186796;9
3.000000;11.000000;0.636046;1.000000;0.471839;1.000000;0.206183;0.378107;0.235260;0.513196;12
0.000000;1.000000;1.000000;1.000000;1.000000;1.000000;1.000000;1.000000;1.000000;1.000000;6
0.000000;6.000000;0.465250;0.582307;0.498798;1.000000;0.228774;0.309559;0.286433;1.000000;9
0.000000;8.000000;1.000000;1.000000;0.656048;1.000000;0.576672;1.000000;1.000000;1.000000;6
0.000000;7.000000;0.494731;0.533037;0.431608;0.593696;0.224210;0.300497;0.239975;1.000000;9
2.000000;4.000000;0.775158;0.317996;0.624475;0.352517;0.490506;0.234406;0.181653;0.137879;9
2.000000;11.000000;0.485908;0.540884;0.105234;0.882984;0.054815;0.427366;0.088531;1.000000;6
0.000000;8.000000;0.525835;1.000000;0.499354;1.000000;0.203080;0.292890;0.318102;1.000000;6
3.000000;12.000000;0.584216;1.000000;0.098851;1.000000;0.049238;0.539490;0.055084;0.417390;9
2.000000;6.000000;0.597221;1.000000;0.524446;0.462454;0.282462;0.329984;0.280265;1.000000;6
2.000000;7.000000;0.531300;0.654616;0.565325;0.420748;0.259281;0.323772;0.341426;1.000000;6
2.000000;5.000000;0.698764;1.000000;0.610462;0.370121;0.456815;0.235408;0.172526;1.000000;6
1.000000;7.000000;0.653154;0.328944;0.462714;1.000000;0.273656;0.426135;0.164474;1.000000;6
3.000000;7.000000;0.656387;1.000000;0.528890;1.000000;0.276034;0.338033;0.195490;0.273964;9
1.000000;5.000000;0.287207;0.687521;0.471321;1.000000;0.190585;0.159259;0.284283;1.000000;6
3.000000;5.000000;0.618134;1.000000;0.319629;0.682851;0.168618;0.418436;0.192209;0.207942;9
2.000000;1.000000;0.797168;0.337961;0.726099;0.237608;0.584281;0.222677;0.257802;1.000000;6
2.000000;2.000000;0.699669;1.000000;0.649080;0.322616;0.518936;0.176054;0.204566;0.158759;9
1.000000;8.000000;0.544762;0.444997;0.513843;0.525665;0.250875;0.238838;0.231072;0.278706;6
3.000000;11.000000;0.729273;1.000000;0.325795;0.727377;0.251491;0.428724;0.098194;0.247840;6
3.000000;9.000000;0.716692;1.000000;0.348771;0.733759;0.222716;0.373236;0.083303;0.279608;6
3.000000;9.000000;0.845881;1.000000;0.715015;1.000000;0.431988;0.337090;0.262009;0.095511;9
3.000000;11.000000;0.292801;0.719669;0.445739;1.000000;0.162257;0.121549;0.231306;0.470166;6
3.000000;11.000000;0.533941;1.000000;0.625614;1.000000;0.313538;0.201081;0.281730;0.241766;6
3.000000;11.000000;0.477553;0.547917;0.401457;1.000000;0.190875;0.250485;0.233190;0.344899;6
3.000000;6.000000;0.677729;1.000000;0.767220;0.248771;0.471470;0.163908;0.327728;0.052838;6
3.000000;11.000000;0.674165;1.000000;0.483411;1.000000;0.278566;0.382741;0.198401;0.236720;9
0.000000;8.000000;0.823921;0.174622;0.157877;1.000000;0.138800;0.721555;0.077356;1.000000;6
3.000000;9.000000;0.600052;1.000000;0.675411;1.000000;0.339172;0.174266;0.187223;0.319483;6
3.000000;11.000000;0.602529;1.000000;0.130511;1.000000;0.076125;0.519413;0.060257;0.328145;6
3.000000;10.000000;0.800260;1.000000;0.237661;1.000000;0.177154;0.578788;0.045618;0.398234;9
2.000000;4.000000;0.711216;1.000000;0.728795;0.238184;0.502194;0.158471;0.233777;0.172110;6
3.000000;11.000000;0.558847;1.000000;0.544605;1.000000;0.190494;0.226146;0.306579;0.262092;6
3.000000;9.000000;0.322581;1.000000;0.630765;1.000000;0.207407;0.081769;0.384820;0.326756;6
1.000000;5.000000;0.628336;0.359849;0.883915;1.000000;0.518721;0.135839;0.344948;0.063857;6
3.000000;10.000000;0.626224;1.000000;0.431476;1.000000;0.124182;0.471718;0.291140;0.307091;9
3.000000;10.000000;0.569075;1.000000;0.608388;1.000000;0.314024;0.236928;0.282362;0.152111;6
0.000000;5.000000;0.512348;1.000000;0.620873;1.000000;0.377488;0.203886;0.286561;1.000000;6
2.000000;6.000000;0.573722;1.000000;0.478391;0.502712;0.339594;0.255656;0.176958;1.000000;6
2.000000;8.000000;0.576571;1.000000;0.478542;0.501030;0.344917;0.277193;0.235330;1.000000;6
3.000000;11.000000;0.845179;1.000000;0.769001;1.000000;0.451520;0.192008;0.208849;0.221925;9
0.000000;8.000000;1.000000;1.000000;0.676246;1.000000;0.513067;1.000000;1.000000;1.000000;6
0.000000;7.000000;0.502172;1.000000;0.379854;0.649747;0.199297;0.325419;0.234260;1.000000;9
0.000000;4.000000;1.000000;1.000000;1.000000;1.000000;1.000000;1.000000;1.000000;1.000000;6
0.000000;6.000000;1.000000;1.000000;1.000000;1.000000;1.000000;1.000000;1.000000;1.000000;6
0.000000;6.000000;1.000000;1.000000;1.000000;1.000000;0.589717;1.000000;1.000000;1.000000;9
0.000000;6.000000;1.000000;1.000000;1.000000;1.000000;0.321342;0.231456;0.230172;1.000000;12
0.000000;1.000000;1.000000;1.000000;1.000000;1.000000;1.000000;1.000000;1.000000;1.000000;6
0.000000;1.000000;1.000000;1.000000;1.000000;1.000000;1.000000;1.000000;1.000000;1.000000;9
0.000000;1.000000;1.000000;1.000000;1.000000;1.000000;0.286930;0.249699;0.312797;1.000000;12
0.000000;2.000000;1.000000;1.000000;1.000000;1.000000;1.000000;1.000000;1.000000;1.000000;6
0.000000;2.000000;1.000000;1.000000;1.000000;1.000000;1.000000;1.000000;1.000000;1.000000;9
0.000000;2.000000;1.000000;1.000000;1.000000;1.000000;0.211875;0.411445;0.200371;1.000000;12
0.000000;0.000000;1.000000;1.000000;1.000000;1.000000;1.000000;1.000000;1.000000;1.000000;6
0.000000;0.000000;1.000000;1.000000;1.000000;1.000000;0.353372;1.000000;1.000000;1.000000;9
0.000000;0.000000;1.000000;1.000000;1.000000;1.000000;0.339132;0.274631;1.000000;1.000000;12
0.000000;7.000000;1.000000;1.000000;1.000000;1.000000;0.278804;0.343333;1.000000;1.000000;6
0.000000;7.000000;1.000000;1.000000;1.000000;1.000000;0.310513;0.306625;1.000000;1.000000;9
0.000000;7.000000;1.000000;1.000000;1.000000;1.000000;0.090524;0.106981;0.280207;1.000000;12
0.000000;9.000000;1.000000;1.000000;1.000000;1.000000;0.691367;1.000000;1.000000;1.000000;6
0.000000;9.000000;1.000000;1.000000;1.000000;1.000000;0.275438;0.102368;0.401959;1.000000;9
0.000000;7.000000;1.000000;1.000000;1.000000;1.000000;0.406124;1.000000;1.000000;1.000000;6
0.000000;7.000000;1.000000;1.000000;1.000000;1.000000;0.202817;0.235091;1.000000;1.000000;9
0.000000;7.000000;1.000000;1.000000;1.000000;1.000000;0.154122;0.120243;0.509375;1.000000;12
0.000000;9.000000;1.000000;1.000000;1.000000;1.000000;0.378056;0.283863;1.000000;1.000000;6
0.000000;9.000000;1.000000;1.000000;1.000000;1.000000;0.194339;0.233255;0.233112;1.000000;9
0.000000;7.000000;1.000000;1.000000;1.000000;1.000000;1.000000;1.000000;1.000000;1.000000;6
0.000000;7.000000;1.000000;1.000000;1.000000;1.000000;0.305019;0.263217;0.365372;1.000000;9
0.000000;11.000000;0.533848;1.000000;0.552926;1.000000;0.354153;0.244074;0.262962;1.000000;6
0.000000;12.000000;1.000000;1.000000;1.000000;1.000000;0.409156;1.000000;1.000000;1.000000;6
0.000000;12.000000;1.000000;1.000000;1.000000;1.000000;0.190741;0.332321;0.209571;1.000000;9
0.000000;10.000000;1.000000;1.000000;1.000000;1.000000;0.237296;0.354260;0.199228;1.000000;6
0.000000;10.000000;1.000000;1.000000;1.000000;1.000000;1.000000;1.000000;1.000000;1.000000;6
0.000000;10.000000;1.000000;1.000000;1.000000;1.000000;0.334259;0.376159;0.214816;1.000000;9
0.000000;10.000000;1.000000;1.000000;1.000000;1.000000;0.218626;0.252723;0.312451;1.000000;12
0.000000;4.000000;1.000000;1.000000;1.000000;1.000000;1.000000;1.000000;1.000000;1.000000;6
0.000000;4.000000;1.000000;1.000000;1.000000;1.000000;0.291664;0.293102;0.246858;1.000000;9
0.000000;2.000000;1.000000;1.000000;1.000000;1.000000;1.000000;1.000000;1.000000;1.000000;6
0.000000;2.000000;1.000000;1.000000;1.000000;1.000000;0.658958;0.171781;1.000000;1.000000;9
0.000000;2.000000;1.000000;1.000000;1.000000;1.000000;0.356840;0.188806;0.315280;1.000000;12
0.000000;2.000000;1.000000;1.000000;1.000000;1.000000;1.000000;1.000000;1.000000;1.000000;6
0.000000;2.000000;1.000000;1.000000;1.000000;1.000000;0.386242;1.000000;1.000000;1.000000;9
0.000000;2.000000;1.000000;1.000000;1.000000;1.000000;0.220822;0.184851;0.385991;1.000000;12
0.000000;2.000000;1.000000;1.000000;1.000000;1.000000;1.000000;1.000000;1.000000;1.000000;6
0.000000;2.000000;1.000000;1.000000;1.000000;1.000000;0.569852;1.000000;1.000000;1.000000;9
0.000000;2.000000;1.000000;1.000000;1.000000;1.000000;0.498719;0.255221;0.118330;1.000000;12
0.000000;7.000000;1.000000;1.000000;1.000000;1.000000;1.000000;1.000000;1.000000;1.000000;6
0.000000;7.000000;1.000000;1.000000;1.000000;1.000000;1.000000;1.000000;1.000000;1.000000;9
0.000000;5.000000;1.000000;1.000000;1.000000;1.000000;1.000000;1.000000;1.000000;1.000000;6
0.000000;5.000000;1.000000;1.000000;1.000000;1.000000;1.000000;1.000000;1.000000;1.000000;9
0.000000;5.000000;1.000000;1.000000;1.000000;1.000000;0.262808;0.315494;0.233364;1.000000;12
0.000000;6.000000;1.000000;1.000000;1.000000;1.000000;0.179397;0.273779;1.000000;1.000000;6
0.000000;6.000000;1.000000;1.000000;1.000000;1.000000;0.238341;0.183355;1.000000;1.000000;9
0.000000;6.000000;1.000000;1.000000;1.000000;1.000000;0.219219;0.226878;0.189253;1.000000;12
0.000000;1.000000;1.000000;1.000000;1.000000;1.000000;1.000000;1.000000;1.000000;1.000000;6
0.000000;1.000000;1.000000;1.000000;1.000000;1.000000;0.336261;1.000000;1.000000;1.000000;9
0.000000;1.000000;1.000000;1.000000;1.000000;1.000000;0.271645;0.172954;0.346093;1.000000;12
0.000000;7.000000;1.000000;1.000000;1.000000;1.000000;1.000000;1.000000;1.000000;1.000000;6
0.000000;7.000000;1.000000;1.000000;1.000000;1.000000;0.557457;1.000000;1.000000;1.000000;9
0.000000;7.000000;1.000000;1.000000;1.000000;1.000000;0.412211;0.153836;0.323988;1.000000;12
0.000000;9.000000;1.000000;1.000000;1.000000;1.000000;0.555262;1.000000;1.000000;1.000000;6
0.000000;9.000000;1.000000;1.000000;1.000000;1.000000;0.217172;0.240806;0.340217;1.000000;9
0.000000;7.000000;1.000000;1.000000;1.000000;1.000000;0.442387;1.000000;1.000000;1.000000;6
0.000000;7.000000;1.000000;1.000000;1.000000;1.000000;0.357071;0.233367;1.000000;1.000000;9
0.000000;7.000000;1.000000;1.000000;1.000000;1.000000;0.255734;0.290951;0.242660;1.000000;12
0.000000;6.000000;1.000000;1.000000;1.000000;1.000000;0.442537;1.000000;1.000000;1.000000;6
0.000000;6.000000;1.000000;1.000000;1.000000;1.000000;0.298592;0.188390;1.000000;1.000000;9
0.000000;6.000000;1.000000;1.000000;1.000000;1.000000;0.267509;0.210887;0.281983;1.000000;12
0.000000;6.000000;1.000000;1.000000;1.000000;1.000000;1.000000;1.000000;1.000000;1.000000;6
0.000000;6.000000;1.000000;1.000000;1.000000;1.000000;0.223684;0.287704;0.322872;1.000000;9
0.000000;6.000000;1.000000;1.000000;1.000000;1.000000;0.125543;0.362000;0.124834;1.000000;12
0.000000;2.000000;1.000000;1.000000;1.000000;1.000000;1.000000;1.000000;1.000000;1.000000;6
0.000000;2.000000;1.000000;1.000000;1.000000;1.000000;0.197718;0.482664;1.000000;1.000000;9
0.000000;2.000000;1.000000;1.000000;1.000000;1.000000;0.324827;0.201850;0.290069;1.000000;12
0.000000;3.000000;1.000000;1.000000;1.000000;1.000000;1.000000;1.000000;1.000000;1.000000;6
0.000000;3.000000;1.000000;1.000000;1.000000;1.000000;0.594009;1.000000;1.000000;1.000000;9
0.000000;3.000000;1.000000;1.000000;1.000000;1.000000;0.228952;0.223399;0.395802;1.000000;12
0.000000;8.000000;1.000000;1.000000;1.000000;1.000000;0.456527;1.000000;1.000000;1.000000;6
0.000000;8.000000;1.000000;1.000000;1.000000;1.000000;0.388120;0.219412;1.000000;1.000000;9
0.000000;8.000000;1.000000;1.000000;1.000000;1.000000;0.157002;0.307667;0.171400;1.000000;12
0.000000;6.000000;1.000000;1.000000;1.000000;1.000000;1.000000;1.000000;1.000000;1.000000;6
0.000000;6.000000;1.000000;1.000000;1.000000;1.000000;1.000000;1.000000;1.000000;1.000000;9
0.000000;3.000000;1.000000;1.000000;1.000000;1.000000;1.000000;1.000000;1.000000;1.000000;6
0.000000;6.000000;1.000000;1.000000;1.000000;1.000000;1.000000;1.000000;1.000000;1.000000;6
0.000000;6.000000;1.000000;1.000000;1.000000;1.000000;0.489942;0.336014;1.000000;1.000000;9
0.000000;6.000000;1.000000;1.000000;1.000000;1.000000;0.305213;0.230974;0.229658;1.000000;12
0.000000;2.000000;1.000000;1.000000;1.000000;1.000000;1.000000;1.000000;1.000000;1.000000;6
0.000000;2.000000;1.000000;1.000000;1.000000;1.000000;0.572942;1.000000;1.000000;1.000000;9
0.000000;2.000000;1.000000;1.000000;1.000000;1.000000;0.282103;0.244563;0.309426;1.000000;12
0.000000;5.000000;1.000000;1.000000;1.000000;1.000000;1.000000;1.000000;1.000000;1.000000;6
0.000000;5.000000;1.000000;1.000000;1.000000;1.000000;0.576787;1.000000;1.000000;1.000000;9
0.000000;5.000000;1.000000;1.000000;1.000000;1.000000;0.204564;0.408019;0.192932;1.000000;12
0.000000;9.000000;1.000000;1.000000;1.000000;1.000000;1.000000;1.000000;1.000000;1.000000;9
0.000000;9.000000;1.000000;1.000000;1.000000;1.000000;0.316127;0.254227;0.356828;1.000000;12
0.000000;9.000000;1.000000;1.000000;1.000000;1.000000;0.190460;0.267790;0.361330;1.000000;6
0.000000;4.000000;1.000000;1.000000;1.000000;1.000000;1.000000;1.000000;1.000000;1.000000;6
0.000000;4.000000;1.000000;1.000000;1.000000;1.000000;0.294815;0.291027;0.320123;1.000000;9
0.000000;4.000000;1.000000;1.000000;1.000000;1.000000;0.087086;0.103615;0.278268;1.000000;12
0.000000;10.000000;0.561532;1.000000;0.504424;1.000000;0.331809;0.287045;0.229767;1.000000;6
0.000000;6.000000;1.000000;1.000000;1.000000;1.000000;0.553446;1.000000;1.000000;1.000000;6
0.000000;6.000000;1.000000;1.000000;1.000000;1.000000;0.270653;0.096283;0.398124;1.000000;9
0.000000;8.000000;1.000000;1.000000;1.000000;1.000000;1.000000;1.000000;1.000000;1.000000;6
0.000000;8.000000;1.000000;1.000000;1.000000;1.000000;0.174251;0.204695;0.467112;1.000000;9
0.000000;8.000000;1.000000;1.000000;1.000000;1.000000;0.151321;0.117310;0.508552;1.000000;12
0.000000;8.000000;1.000000;1.000000;1.000000;1.000000;0.320500;0.234709;1.000000;1.000000;6
0.000000;8.000000;1.000000;1.000000;1.000000;1.000000;0.188910;0.228120;0.227977;1.000000;9
0.000000;11.000000;0.433052;1.000000;0.438711;1.000000;0.203501;0.295364;0.300828;1.000000;6
0.000000;6.000000;1.000000;1.000000;1.000000;1.000000;0.306538;0.314039;0.224261;1.000000;6
0.000000;8.000000;1.000000;1.000000;1.000000;1.000000;0.245718;0.265433;0.365371;1.000000;6
0.000000;7.000000;1.000000;1.000000;1.000000;1.000000;1.000000;1.000000;1.000000;1.000000;6
0.000000;7.000000;1.000000;1.000000;1.000000;1.000000;0.305562;0.262856;0.365045;1.000000;9
0.000000;11.000000;1.000000;1.000000;1.000000;1.000000;0.178812;0.390173;0.245861;1.000000;6
0.000000;11.000000;0.565741;1.000000;0.324063;1.000000;0.234787;0.400635;0.166596;1.000000;6
0.000000;10.000000;1.000000;1.000000;1.000000;1.000000;0.344198;1.000000;1.000000;1.000000;6
0.000000;11.000000;1.000000;1.000000;0.393553;1.000000;0.194086;0.294255;0.213741;1.000000;9
0.000000;11.000000;0.515739;1.000000;0.354741;1.000000;0.244083;0.347773;0.153936;1.000000;6
0.000000;11.000000;1.000000;1.000000;1.000000;1.000000;0.457277;1.000000;1.000000;1.000000;6
0.000000;11.000000;1.000000;1.000000;1.000000;1.000000;0.297971;0.336440;0.185439;1.000000;9
0.000000;11.000000;1.000000;1.000000;1.000000;1.000000;0.217726;0.248130;0.300135;1.000000;12
0.000000;5.000000;1.000000;1.000000;1.000000;1.000000;0.508937;1.000000;1.000000;1.000000;6
0.000000;5.000000;1.000000;1.000000;1.000000;1.000000;0.286688;0.288137;0.241523;1.000000;9
0.000000;8.000000;1.000000;1.000000;1.000000;1.000000;0.356447;1.000000;1.000000;1.000000;6
0.000000;8.000000;1.000000;1.000000;1.000000;1.000000;0.316605;0.254350;0.231642;1.000000;9
0.000000;11.000000;1.000000;1.000000;1.000000;1.000000;1.000000;1.000000;1.000000;1.000000;6
0.000000;11.000000;1.000000;1.000000;1.000000;1.000000;0.549382;0.129550;1.000000;1.000000;9
0.000000;11.000000;1.000000;1.000000;1.000000;1.000000;0.351645;0.185078;0.310449;1.000000;12
0.000000;7.000000;1.000000;1.000000;1.000000;1.000000;1.000000;1.000000;1.000000;1.000000;6
0.000000;7.000000;1.000000;1.000000;1.000000;1.000000;0.316462;0.481148;1.000000;1.000000;9
0.000000;7.000000;1.000000;1.000000;1.000000;1.000000;0.216837;0.180642;0.383735;1.000000;12
0.000000;1.000000;1.000000;1.000000;1.000000;1.000000;1.000000;1.000000;1.000000;1.000000;6
0.000000;1.000000;1.000000;1.000000;1.000000;1.000000;0.423999;1.000000;1.000000;1.000000;9
0.000000;1.000000;1.000000;1.000000;1.000000;1.000000;0.496880;0.252082;0.114461;1.000000;12
0.000000;6.000000;1.000000;1.000000;1.000000;1.000000;1.000000;1.000000;1.000000;1.000000;6
0.000000;6.000000;1.000000;1.000000;1.000000;1.000000;1.000000;1.000000;1.000000;1.000000;9
0.000000;6.000000;1.000000;1.000000;1.000000;1.000000;1.000000;1.000000;1.000000;1.000000;6
0.000000;6.000000;1.000000;1.000000;1.000000;1.000000;0.729305;1.000000;1.000000;1.000000;9
0.000000;6.000000;1.000000;1.000000;1.000000;1.000000;0.258345;0.312016;0.228679;1.000000;12
0.000000;10.000000;1.000000;1.000000;1.000000;1.000000;1.000000;1.000000;1.000000;1.000000;6
0.000000;10.000000;1.000000;1.000000;1.000000;1.000000;0.214075;0.161507;0.436785;1.000000;9
0.000000;10.000000;1.000000;1.000000;1.000000;1.000000;0.216383;0.224076;0.186280;1.000000;12
0.000000;2.000000;1.000000;1.000000;1.000000;1.000000;1.000000;1.000000;1.000000;1.000000;6
0.000000;2.000000;1.000000;1.000000;1.000000;1.000000;0.250365;0.483291;1.000000;1.000000;9
0.000000;2.000000;1.000000;1.000000;1.000000;1.000000;0.267141;0.168287;0.342165;1.000000;12
0.000000;12.000000;1.000000;1.000000;1.000000;1.000000;1.000000;1.000000;1.000000;1.000000;6
0.000000;12.000000;1.000000;1.000000;1.000000;1.000000;0.388554;0.300748;0.243070;1.000000;9
0.000000;8.000000;1.000000;1.000000;1.000000;1.000000;0.364242;1.000000;1.000000;1.000000;6
0.000000;8.000000;1.000000;1.000000;1.000000;1.000000;0.382143;1.000000;1.000000;1.000000;9
0.000000;8.000000;1.000000;1.000000;1.000000;1.000000;0.404014;0.148897;0.316903;1.000000;12
0.000000;12.000000;0.375667;1.000000;0.143502;1.000000;0.096232;0.344393;0.112028;1.000000;6
0.000000;4.000000;1.000000;1.000000;1.000000;1.000000;1.000000;1.000000;1.000000;1.000000;6
0.000000;4.000000;1.000000;1.000000;1.000000;1.000000;0.404724;0.132188;0.275809;1.000000;9
0.000000;10.000000;0.347921;1.000000;0.463558;1.000000;0.154343;0.262293;0.377718;1.000000;6
0.000000;9.000000;1.000000;1.000000;1.000000;1.000000;0.418892;1.000000;1.000000;1.000000;6
0.000000;9.000000;1.000000;1.000000;1.000000;1.000000;0.211906;0.235720;0.335887;1.000000;9
0.000000;3.000000;1.000000;1.000000;1.000000;1.000000;1.000000;1.000000;1.000000;1.000000;6
0.000000;3.000000;1.000000;1.000000;1.000000;1.000000;0.205827;0.352829;0.327181;1.000000;9
0.000000;9.000000;1.000000;1.000000;1.000000;1.000000;0.336860;0.242145;1.000000;1.000000;6
0.000000;9.000000;1.000000;1.000000;1.000000;1.000000;0.335782;0.216017;1.000000;1.000000;9
0.000000;9.000000;1.000000;1.000000;1.000000;1.000000;0.254620;0.289904;0.241520;1.000000;12
0.000000;11.000000;0.523090;1.000000;0.244478;1.000000;0.132747;0.445735;0.166952;1.000000;6
0.000000;11.000000;1.000000;1.000000;1.000000;1.000000;1.000000;1.000000;1.000000;1.000000;6
0.000000;11.000000;1.000000;1.000000;1.000000;1.000000;0.114271;0.549212;0.131728;1.000000;9
0.000000;9.000000;1.000000;1.000000;1.000000;1.000000;1.000000;1.000000;1.000000;1.000000;6
0.000000;9.000000;1.000000;1.000000;1.000000;1.000000;0.157437;0.326444;0.298495;1.000000;9
0.000000;5.000000;1.000000;1.000000;1.000000;1.000000;1.000000;1.000000;1.000000;1.000000;6
0.000000;5.000000;1.000000;1.000000;1.000000;1.000000;0.277938;0.171467;0.474518;1.000000;9
0.000000;5.000000;1.000000;1.000000;1.000000;1.000000;0.266191;0.209439;0.280698;1.000000;12
0.000000;11.000000;0.555948;1.000000;0.327502;1.000000;0.225486;0.407398;0.178715;1.000000;6
0.000000;3.000000;1.000000;1.000000;1.000000;1.000000;0.709827;1.000000;1.000000;1.000000;6
0.000000;3.000000;1.000000;1.000000;1.000000;1.000000;0.351619;0.135070;0.233704;1.000000;9
0.000000;5.000000;1.000000;1.000000;1.000000;1.000000;1.000000;1.000000;1.000000;1.000000;6
0.000000;5.000000;1.000000;1.000000;1.000000;1.000000;0.210241;0.272653;0.306937;1.000000;9
0.000000;5.000000;1.000000;1.000000;1.000000;1.000000;0.123547;0.360666;0.122837;1.000000;12
0.000000;7.000000;1.000000;1.000000;1.000000;1.000000;1.000000;1.000000;1.000000;1.000000;6
0.000000;7.000000;1.000000;1.000000;1.000000;1.000000;0.367456;0.174651;0.342771;1.000000;9
0.000000;5.000000;1.000000;1.000000;1.000000;1.000000;0.228248;0.228248;1.000000;1.000000;6
0.000000;5.000000;1.000000;1.000000;1.000000;1.000000;0.154345;0.402007;1.000000;1.000000;9
0.000000;5.000000;1.000000;1.000000;1.000000;1.000000;0.318832;0.197162;0.284444;1.000000;12
0.000000;3.000000;1.000000;1.000000;1.000000;1.000000;1.000000;1.000000;1.000000;1.000000;6
0.000000;3.000000;1.000000;1.000000;1.000000;1.000000;0.455909;1.000000;1.000000;1.000000;9
0.000000;3.000000;1.000000;1.000000;1.000000;1.000000;0.225521;0.219937;0.393322;1.000000;12
0.000000;11.000000;1.000000;1.000000;1.000000;1.000000;0.345993;0.302898;1.000000;1.000000;6
0.000000;11.000000;1.000000;1.000000;1.000000;1.000000;0.366498;0.203044;1.000000;1.000000;9
0.000000;11.000000;1.000000;1.000000;1.000000;1.000000;0.154868;0.306010;0.169311;1.000000;12
0.000000;1.000000;1.000000;1.000000;1.000000;1.000000;1.000000;1.000000;1.000000;1.000000;6
0.000000;1.000000;1.000000;1.000000;1.000000;1.000000;1.000000;1.000000;1.000000;1.000000;9
0.000000;1.000000;1.000000;1.000000;1.000000;1.000000;1.000000;1.000000;1.000000;1.000000;6
0.000000;1.000000;1.000000;1.000000;1.000000;1.000000;0.123532;0.466750;0.139422;1.000000;9
0.000000;11.000000;0.416680;1.000000;0.577515;1.000000;0.257604;0.218273;0.378908;1.000000;6
0.000000;9.000000;1.000000;1.000000;1.000000;1.000000;1.000000;1.000000;1.000000;1.000000;6
0.000000;9.000000;1.000000;1.000000;1.000000;1.000000;0.255979;0.342818;0.222535;1.000000;9
0.000000;10.000000;1.000000;1.000000;1.000000;1.000000;0.226989;0.303312;0.313000;1.000000;6
0.000000;10.000000;1.000000;1.000000;1.000000;1.000000;1.000000;1.000000;1.000000;1.000000;6
0.000000;10.000000;1.000000;1.000000;1.000000;1.000000;0.122908;0.398849;0.315149;1.000000;9
0.000000;11.000000;1.000000;1.000000;1.000000;1.000000;1.000000;1.000000;1.000000;1.000000;9
0.000000;7.000000;1.000000;1.000000;1.000000;1.000000;1.000000;1.000000;1.000000;1.000000;9
0.000000;10.000000;1.000000;1.000000;1.000000;1.000000;1.000000;1.000000;1.000000;1.000000;9
0.000000;12.000000;1.000000;1.000000;1.000000;1.000000;1.000000;1.000000;1.000000;1.000000;9
0.000000;10.000000;1.000000;1.000000;1.000000;1.000000;1.000000;1.000000;1.000000;1.000000;9
0.000000;10.000000;1.000000;1.000000;1.000000;1.000000;1.000000;1.000000;1.000000;1.000000;9
0.000000;11.000000;1.000000;1.000000;1.000000;1.000000;1.000000;1.000000;1.000000;1.000000;9
