(dc_q / 4.0f) ;(best_rd / bs / bs / 1024.0f) ;rd_valid(none) ;rd_ratio(rd / best_rd)(none) ;rd_valid(split) ;rd_ratio(rd / best_rd)(split) ;rd_valid(sub1) ;rd_ratio(rd / best_rd)(sub1) ;min_bw(sub1) ;min_bh(sub1) ;rd_valid(sub2) ;rd_ratio(rd / best_rd)(sub2) ;min_bw(sub2) ;min_bh(sub2) ;rd_valid(sub3) ;rd_ratio(rd / best_rd)(sub3) ;min_bw(sub3) ;min_bh(sub3) ;rd_valid(sub4) ;rd_ratio(rd / best_rd)(sub4) ;min_bw(sub4) ;min_bh(sub4) ;(nosplit) ;(split1none) ;(split2none) ;(split3none) ;(split4none) ;(rect1) ;(rect2) ;(rect3) ;(rect4) ;bsize ;particionado 
3.956040;3.943314;0.000000;1.000000;0.000000;1.000000;0.000000;1.000000;0.000000;0.000000;0.000000;1.000000;0.000000;0.000000;0.000000;1.000000;0.000000;0.000000;0.000000;1.000000;0.000000;0.000000;4.532599;2.890372;2.639057;3.218876;2.772589;3.688879;3.951244;3.761200;3.401197;3
3.956040;2.624492;0.000000;1.000000;1.000000;1.221171;0.000000;1.000000;0.000000;0.000000;0.000000;1.000000;0.000000;0.000000;0.000000;1.000000;0.000000;0.000000;0.000000;1.000000;0.000000;0.000000;5.609472;3.555348;3.610918;3.663562;2.639057;4.276666;4.007333;5.141664;4.634729;3
3.956040;2.113349;0.000000;1.000000;0.000000;1.000000;0.000000;1.000000;1.000000;1.000000;0.000000;1.000000;1.000000;1.000000;0.000000;1.000000;1.000000;1.000000;0.000000;1.000000;1.000000;1.000000;6.466145;5.609472;4.317488;5.123964;4.682131;5.852202;5.655992;6.086775;5.308268;6
3.956040;0.384973;0.000000;1.000000;1.000000;33.281242;0.000000;1.000000;0.000000;0.000000;0.000000;1.000000;0.000000;0.000000;0.000000;1.000000;0.000000;0.000000;0.000000;1.000000;0.000000;0.000000;4.060443;2.772589;2.197225;2.772589;2.708050;3.295837;3.465736;3.433987;3.135494;3
3.956040;1.647487;0.000000;1.000000;0.000000;1.000000;0.000000;1.000000;1.000000;1.000000;0.000000;1.000000;1.000000;1.000000;0.000000;1.000000;1.000000;1.000000;0.000000;1.000000;1.000000;1.000000;6.001415;4.060443;4.430817;4.804021;4.919981;4.948760;5.552959;5.204007;5.407172;6
3.956040;1.796686;0.000000;1.000000;0.000000;1.000000;1.000000;0.589717;2.000000;2.000000;0.000000;1.000000;2.000000;2.000000;0.000000;1.000000;2.000000;2.000000;0.000000;1.000000;2.000000;2.000000;7.596894;6.208590;6.001415;6.077642;6.336826;6.802395;6.979145;6.838405;6.932448;9
3.956040;2.107684;1.000000;1.000000;0.000000;1.000000;1.000000;0.321342;3.000000;3.000000;1.000000;0.231456;3.000000;3.000000;1.000000;0.230172;3.000000;3.000000;0.000000;1.000000;3.000000;3.000000;8.952864;7.716015;7.475339;7.446002;7.596894;8.298041;8.219865;8.282989;8.230844;12
3.956040;2.655096;0.000000;1.000000;1.000000;1.181581;0.000000;1.000000;0.000000;0.000000;0.000000;1.000000;0.000000;0.000000;0.000000;1.000000;0.000000;0.000000;0.000000;1.000000;0.000000;0.000000;4.844187;3.555348;2.944439;3.295837;3.295837;4.304065;3.970292;4.276666;3.871201;3
3.956040;2.126219;0.000000;1.000000;0.000000;1.000000;0.000000;1.000000;1.000000;1.000000;0.000000;1.000000;1.000000;1.000000;0.000000;1.000000;1.000000;1.000000;0.000000;1.000000;1.000000;1.000000;6.313548;4.844187;4.564348;4.276666;5.273000;5.501258;5.730100;5.293305;5.673323;6
3.956040;1.276730;0.000000;1.000000;0.000000;1.000000;0.000000;1.000000;2.000000;2.000000;0.000000;1.000000;2.000000;2.000000;0.000000;1.000000;2.000000;2.000000;0.000000;1.000000;2.000000;2.000000;7.671361;6.313548;6.098074;6.635947;5.913503;6.903747;7.033506;7.190676;6.706862;9
3.956040;1.996160;1.000000;1.000000;0.000000;1.000000;1.000000;0.286930;3.000000;3.000000;1.000000;0.249699;3.000000;3.000000;1.000000;0.312797;3.000000;3.000000;0.000000;1.000000;3.000000;3.000000;9.033484;7.543803;7.765145;7.535297;7.671361;8.360773;8.299037;8.258423;8.414274;12
3.956040;1.882529;0.000000;1.000000;1.000000;2.805696;0.000000;1.000000;0.000000;0.000000;0.000000;1.000000;0.000000;0.000000;0.000000;1.000000;0.000000;0.000000;0.000000;1.000000;0.000000;0.000000;4.304065;3.044523;3.295837;2.302585;2.564949;3.850147;3.135494;3.433987;3.784190;3
3.956040;1.867028;0.000000;1.000000;0.000000;1.000000;0.000000;1.000000;1.000000;1.000000;0.000000;1.000000;1.000000;1.000000;0.000000;1.000000;1.000000;1.000000;0.000000;1.000000;1.000000;1.000000;5.676754;4.304065;4.290460;3.891820;4.510859;4.983607;4.934474;4.852030;5.105946;6
3.956040;1.133459;0.000000;1.000000;0.000000;1.000000;0.000000;1.000000;2.000000;2.000000;0.000000;1.000000;2.000000;2.000000;0.000000;1.000000;2.000000;2.000000;0.000000;1.000000;2.000000;2.000000;7.136483;5.676754;5.513429;5.971262;5.723585;6.289716;6.573680;6.526495;6.335054;9
3.956040;1.749861;1.000000;1.000000;0.000000;1.000000;1.000000;0.211875;3.000000;3.000000;1.000000;0.411445;3.000000;3.000000;1.000000;0.200371;3.000000;3.000000;0.000000;1.000000;3.000000;3.000000;8.670429;7.009409;7.747165;7.005789;7.136483;8.137689;7.769801;7.704361;8.190908;12
3.956040;2.976053;0.000000;1.000000;0.000000;1.000000;0.000000;1.000000;0.000000;0.000000;0.000000;1.000000;0.000000;0.000000;0.000000;1.000000;0.000000;0.000000;0.000000;1.000000;0.000000;0.000000;4.382027;2.197225;2.708050;2.833213;3.433987;3.401197;3.931826;3.218876;3.806663;3
3.956040;2.275120;0.000000;1.000000;0.000000;1.000000;0.000000;1.000000;1.000000;1.000000;0.000000;1.000000;1.000000;1.000000;0.000000;1.000000;1.000000;1.000000;0.000000;1.000000;1.000000;1.000000;6.198479;4.382027;3.850147;5.442418;4.158883;4.867535;5.857933;5.752573;5.099866;6
3.956040;1.782496;0.000000;1.000000;0.000000;1.000000;1.000000;0.353372;2.000000;2.000000;0.000000;1.000000;2.000000;2.000000;0.000000;1.000000;2.000000;2.000000;0.000000;1.000000;2.000000;2.000000;7.396335;5.717028;6.198479;6.001415;6.035481;6.678342;6.726233;6.561031;6.821107;9
3.956040;1.582758;0.000000;1.000000;0.000000;1.000000;1.000000;0.339132;3.000000;3.000000;1.000000;0.274631;3.000000;3.000000;0.000000;1.000000;3.000000;3.000000;0.000000;1.000000;3.000000;3.000000;8.739536;7.186144;7.308543;7.396335;7.490530;7.945201;8.137980;7.989899;8.100162;12
3.956040;3.678935;0.000000;1.000000;0.000000;1.000000;1.000000;0.464787;0.000000;0.000000;0.000000;1.000000;0.000000;0.000000;0.000000;1.000000;0.000000;0.000000;0.000000;1.000000;0.000000;0.000000;6.898715;5.572154;5.252274;4.442651;5.652489;6.378426;5.978886;5.855072;6.220590;3
3.956040;3.362256;0.000000;1.000000;0.000000;1.000000;0.000000;1.000000;0.000000;0.000000;0.000000;1.000000;0.000000;0.000000;0.000000;1.000000;0.000000;0.000000;0.000000;1.000000;0.000000;0.000000;6.775366;5.680172;5.370638;5.342334;4.663439;6.311735;5.758902;6.216606;5.831882;3
3.956040;3.222136;0.000000;1.000000;0.000000;1.000000;0.000000;1.000000;0.000000;0.000000;0.000000;1.000000;0.000000;0.000000;0.000000;1.000000;0.000000;0.000000;0.000000;1.000000;0.000000;0.000000;6.595780;5.153292;5.690360;4.430817;3.988984;6.206576;5.117994;5.545177;6.167517;3
3.956040;3.465540;0.000000;1.000000;0.000000;1.000000;1.000000;0.278804;1.000000;1.000000;1.000000;0.343333;1.000000;1.000000;0.000000;1.000000;1.000000;1.000000;0.000000;1.000000;1.000000;1.000000;8.111629;6.480044;6.806829;6.595780;6.888573;7.353722;7.479300;7.241366;7.541683;6
3.956040;3.203165;0.000000;1.000000;0.000000;1.000000;1.000000;0.310513;2.000000;2.000000;1.000000;0.306625;2.000000;2.000000;0.000000;1.000000;2.000000;2.000000;0.000000;1.000000;2.000000;2.000000;9.430760;8.093157;8.036250;8.111629;7.778212;8.758255;8.677269;8.805975;8.652773;9
3.956040;2.557060;1.000000;1.000000;0.000000;1.000000;1.000000;0.090524;3.000000;3.000000;1.000000;0.106981;3.000000;3.000000;1.000000;0.280207;3.000000;3.000000;0.000000;1.000000;3.000000;3.000000;9.967072;7.308543;7.373374;8.633553;9.430760;8.053569;9.806040;8.870944;9.551800;12
3.956040;3.906592;0.000000;1.000000;0.000000;1.000000;1.000000;0.271377;0.000000;0.000000;1.000000;0.283562;0.000000;0.000000;0.000000;1.000000;0.000000;0.000000;0.000000;1.000000;0.000000;0.000000;6.954639;5.323010;4.795791;4.804021;6.159095;5.860786;6.418365;5.796058;6.579251;3
3.956040;4.066564;1.000000;1.000000;0.000000;1.000000;1.000000;0.287223;0.000000;0.000000;1.000000;0.229470;0.000000;0.000000;1.000000;0.188062;0.000000;0.000000;0.000000;1.000000;0.000000;0.000000;6.934397;5.398163;5.351858;4.890349;5.963579;6.220590;6.263398;5.942800;6.440947;3
3.956040;3.772283;0.000000;1.000000;0.000000;1.000000;1.000000;0.257603;0.000000;0.000000;1.000000;0.358387;0.000000;0.000000;0.000000;1.000000;0.000000;0.000000;0.000000;1.000000;0.000000;0.000000;6.810143;4.934474;5.616771;4.927254;5.590987;6.049734;6.049734;5.897154;6.298949;3
3.956040;1.297702;0.000000;1.000000;1.000000;5.873262;0.000000;1.000000;0.000000;0.000000;0.000000;1.000000;0.000000;0.000000;0.000000;1.000000;0.000000;0.000000;0.000000;1.000000;0.000000;0.000000;5.556828;4.369448;3.401197;4.290460;4.369448;4.682131;5.023880;5.017280;4.682131;3
3.956040;2.943344;0.000000;1.000000;0.000000;1.000000;1.000000;0.691367;1.000000;1.000000;0.000000;1.000000;1.000000;1.000000;0.000000;1.000000;1.000000;1.000000;0.000000;1.000000;1.000000;1.000000;7.884200;6.476973;5.556828;7.146772;5.991465;6.842683;7.436028;7.566311;6.504288;6
3.956040;3.350762;1.000000;1.000000;0.000000;1.000000;1.000000;0.275438;2.000000;2.000000;1.000000;0.102368;2.000000;2.000000;1.000000;0.401959;2.000000;2.000000;0.000000;1.000000;2.000000;2.000000;9.278186;7.728416;6.647688;8.496582;7.884200;8.022241;8.942984;8.881419;8.154213;9
3.956040;3.197407;0.000000;1.000000;0.000000;1.000000;0.000000;1.000000;0.000000;0.000000;0.000000;1.000000;0.000000;0.000000;0.000000;1.000000;0.000000;0.000000;0.000000;1.000000;0.000000;0.000000;5.241747;3.970292;4.094345;3.784190;3.218876;4.779123;4.262680;4.564348;4.430817;3
3.956040;2.949851;0.000000;1.000000;0.000000;1.000000;1.000000;0.406124;1.000000;1.000000;0.000000;1.000000;1.000000;1.000000;0.000000;1.000000;1.000000;1.000000;0.000000;1.000000;1.000000;1.000000;7.254885;5.905362;5.241747;6.257668;5.793014;6.340359;6.744059;6.791222;6.255750;6
3.956040;2.429092;0.000000;1.000000;0.000000;1.000000;1.000000;0.202817;2.000000;2.000000;1.000000;0.235091;2.000000;2.000000;0.000000;1.000000;2.000000;2.000000;0.000000;1.000000;2.000000;2.000000;8.411388;6.261492;6.450470;7.254885;7.475906;7.178545;8.067149;7.583248;7.788626;9
3.956040;2.667486;1.000000;1.000000;0.000000;1.000000;1.000000;0.154122;3.000000;3.000000;1.000000;0.120243;3.000000;3.000000;1.000000;0.509375;3.000000;3.000000;0.000000;1.000000;3.000000;3.000000;9.887358;7.755767;7.609862;9.278186;8.411388;8.398860;9.630431;9.476697;8.797548;12
3.956040;2.751538;0.000000;1.000000;1.000000;1.065543;0.000000;1.000000;0.000000;0.000000;0.000000;1.000000;0.000000;0.000000;0.000000;1.000000;0.000000;0.000000;0.000000;1.000000;0.000000;0.000000;5.983936;2.484907;5.407172;2.833213;4.787492;5.468060;5.049856;3.332205;5.860786;3
3.956040;2.993781;0.000000;1.000000;0.000000;1.000000;0.000000;1.000000;0.000000;0.000000;0.000000;1.000000;0.000000;0.000000;0.000000;1.000000;0.000000;0.000000;0.000000;1.000000;0.000000;0.000000;7.212295;6.066108;4.727388;5.966147;5.616771;6.371612;6.533789;6.709304;6.282267;3
3.956040;3.461169;0.000000;1.000000;0.000000;1.000000;1.000000;0.378056;1.000000;1.000000;1.000000;0.283863;1.000000;1.000000;0.000000;1.000000;1.000000;1.000000;0.000000;1.000000;1.000000;1.000000;8.525757;6.881411;6.499787;7.212295;7.532624;7.404279;8.028455;7.766417;7.873979;6
3.956040;3.344718;1.000000;1.000000;0.000000;1.000000;1.000000;0.194339;2.000000;2.000000;1.000000;0.233255;2.000000;2.000000;1.000000;0.233112;2.000000;2.000000;0.000000;1.000000;2.000000;2.000000;9.412056;7.662468;7.813996;7.832411;8.525757;8.442470;8.935246;8.443977;8.925056;9
3.956040;3.975781;0.000000;1.000000;0.000000;1.000000;1.000000;0.211654;0.000000;0.000000;1.000000;0.230778;0.000000;0.000000;1.000000;0.242730;0.000000;0.000000;0.000000;1.000000;0.000000;0.000000;6.922644;4.867535;5.192957;5.298317;5.521461;5.771441;6.133398;5.814130;6.523562;3
3.956040;3.276360;0.000000;1.000000;0.000000;1.000000;0.000000;1.000000;0.000000;0.000000;0.000000;1.000000;0.000000;0.000000;0.000000;1.000000;0.000000;0.000000;0.000000;1.000000;0.000000;0.000000;6.340359;5.351858;5.111988;4.584968;3.828641;6.025866;5.030438;5.730100;5.379897;3
3.956040;4.202514;0.000000;1.000000;0.000000;1.000000;1.000000;0.297612;0.000000;0.000000;1.000000;0.254904;0.000000;0.000000;0.000000;1.000000;0.000000;0.000000;0.000000;1.000000;0.000000;0.000000;7.245655;6.028278;4.343805;5.888878;6.079933;6.274762;6.861712;6.652863;6.102559;3
3.956040;1.137778;0.000000;1.000000;1.000000;1.923043;0.000000;1.000000;1.000000;1.000000;0.000000;1.000000;1.000000;1.000000;0.000000;1.000000;1.000000;1.000000;0.000000;1.000000;1.000000;1.000000;7.344073;5.793014;6.450470;5.866468;5.365976;6.886532;6.338594;6.523562;6.754604;6
3.956040;3.483852;1.000000;1.000000;0.000000;1.000000;1.000000;0.305019;2.000000;2.000000;1.000000;0.263217;2.000000;2.000000;1.000000;0.365372;2.000000;2.000000;0.000000;1.000000;2.000000;2.000000;9.582663;8.332309;8.171034;8.469892;7.344073;8.951052;8.755265;9.112397;8.536015;9
3.956040;3.989213;1.000000;1.000000;0.000000;1.000000;1.000000;0.208777;0.000000;0.000000;1.000000;0.215261;0.000000;0.000000;1.000000;0.189324;0.000000;0.000000;0.000000;1.000000;0.000000;0.000000;6.758094;4.976734;5.030438;4.553877;6.070738;5.693732;6.267200;5.556828;6.401917;3
3.956040;3.307727;0.000000;1.000000;0.000000;1.000000;1.000000;0.283935;0.000000;0.000000;0.000000;1.000000;0.000000;0.000000;0.000000;1.000000;0.000000;0.000000;0.000000;1.000000;0.000000;0.000000;5.877736;2.833213;4.875197;3.828641;5.049856;5.003946;5.332719;4.127134;5.666427;3
3.956040;1.482591;0.000000;1.000000;1.000000;4.590609;0.000000;1.000000;0.000000;0.000000;0.000000;1.000000;0.000000;0.000000;0.000000;1.000000;0.000000;0.000000;0.000000;1.000000;0.000000;0.000000;6.843750;6.257668;5.247024;4.890349;5.424950;6.364751;6.006353;6.493754;5.834811;3
3.956040;3.987959;1.000000;1.000000;0.000000;1.000000;1.000000;0.354153;1.000000;1.000000;1.000000;0.244074;1.000000;1.000000;1.000000;0.262962;1.000000;1.000000;0.000000;1.000000;1.000000;1.000000;8.616314;7.401231;7.007601;7.018402;6.843750;7.971431;7.855932;7.983440;7.848153;6
3.956040;3.077218;0.000000;1.000000;0.000000;1.000000;0.000000;1.000000;0.000000;0.000000;0.000000;1.000000;0.000000;0.000000;0.000000;1.000000;0.000000;0.000000;0.000000;1.000000;0.000000;0.000000;5.420535;3.367296;4.672829;3.496508;3.871201;4.919981;4.510859;4.127134;5.043425;3
3.956040;4.130855;1.000000;1.000000;0.000000;1.000000;1.000000;0.143497;0.000000;0.000000;1.000000;0.431852;0.000000;0.000000;1.000000;0.167484;0.000000;0.000000;0.000000;1.000000;0.000000;0.000000;7.094235;4.304065;6.426488;4.779123;5.866468;6.561031;6.212606;5.262690;6.877296;3
3.956040;4.177818;0.000000;1.000000;0.000000;1.000000;1.000000;0.341663;0.000000;0.000000;1.000000;0.404919;0.000000;0.000000;0.000000;1.000000;0.000000;0.000000;0.000000;1.000000;0.000000;0.000000;7.748891;6.206576;6.395262;5.831882;6.326149;7.011214;7.039660;6.732211;7.081708;3
3.956040;3.595671;0.000000;1.000000;0.000000;1.000000;1.000000;0.409156;1.000000;1.000000;0.000000;1.000000;1.000000;1.000000;0.000000;1.000000;1.000000;1.000000;0.000000;1.000000;1.000000;1.000000;8.507546;7.094235;7.748891;5.855072;6.901737;8.167068;7.262629;7.372118;8.108624;6
3.956040;3.688856;1.000000;1.000000;0.000000;1.000000;1.000000;0.190741;2.000000;2.000000;1.000000;0.332321;2.000000;2.000000;1.000000;0.209571;2.000000;2.000000;0.000000;1.000000;2.000000;2.000000;9.669346;7.781556;8.616314;7.973155;8.507546;8.982435;8.968905;8.579228;9.256460;9
3.956040;4.242105;0.000000;1.000000;0.000000;1.000000;1.000000;0.434952;0.000000;0.000000;1.000000;0.239395;0.000000;0.000000;0.000000;1.000000;0.000000;0.000000;0.000000;1.000000;0.000000;0.000000;7.415175;5.549076;5.389072;5.874931;5.262690;6.501290;6.388561;6.634634;6.084499;3
3.956040;4.100262;1.000000;1.000000;0.000000;1.000000;1.000000;0.223317;0.000000;0.000000;1.000000;0.204890;0.000000;0.000000;1.000000;0.232268;0.000000;0.000000;0.000000;1.000000;0.000000;0.000000;6.864848;5.111988;5.176150;5.370638;5.493062;5.866468;6.232448;5.948035;6.156979;3
3.956040;2.098551;0.000000;1.000000;1.000000;2.184408;0.000000;1.000000;0.000000;0.000000;0.000000;1.000000;0.000000;0.000000;0.000000;1.000000;0.000000;0.000000;0.000000;1.000000;0.000000;0.000000;7.391415;4.406719;5.332719;4.700480;6.688354;5.676754;6.837333;6.196444;7.029088;3
3.956040;3.703984;1.000000;1.000000;0.000000;1.000000;1.000000;0.237296;1.000000;1.000000;1.000000;0.354260;1.000000;1.000000;1.000000;0.199228;1.000000;1.000000;0.000000;1.000000;1.000000;1.000000;8.222822;6.475433;6.864848;6.198479;7.391415;7.507141;7.655864;7.057898;7.819234;6
3.956040;0.869288;0.000000;1.000000;1.000000;2.942885;0.000000;1.000000;1.000000;1.000000;0.000000;1.000000;1.000000;1.000000;0.000000;1.000000;1.000000;1.000000;0.000000;1.000000;1.000000;1.000000;7.984122;6.418365;7.417581;5.717028;5.703783;7.730614;6.434546;6.865891;7.584265;6
3.956040;3.280566;0.000000;1.000000;0.000000;1.000000;1.000000;0.334259;2.000000;2.000000;1.000000;0.376159;2.000000;2.000000;1.000000;0.214816;2.000000;2.000000;0.000000;1.000000;2.000000;2.000000;9.426983;8.150179;8.222822;7.584773;7.984122;8.920122;8.497602;8.608313;8.841014;9
3.956040;3.466754;1.000000;1.000000;0.000000;1.000000;1.000000;0.218626;3.000000;3.000000;1.000000;0.252723;3.000000;3.000000;1.000000;0.312451;3.000000;3.000000;0.000000;1.000000;3.000000;3.000000;10.915307;9.412056;9.582663;9.669346;9.426983;10.194065;10.249521;10.242171;10.201219;12
3.956040;3.184976;0.000000;1.000000;0.000000;1.000000;0.000000;1.000000;0.000000;0.000000;0.000000;1.000000;0.000000;0.000000;0.000000;1.000000;0.000000;0.000000;0.000000;1.000000;0.000000;0.000000;6.869014;5.991465;5.068904;5.455321;5.105946;6.326149;5.986452;6.452049;5.793014;3
3.956040;2.541441;0.000000;1.000000;1.000000;1.335961;0.000000;1.000000;0.000000;0.000000;0.000000;1.000000;0.000000;0.000000;0.000000;1.000000;0.000000;0.000000;0.000000;1.000000;0.000000;0.000000;6.249975;5.198497;4.983607;4.369448;4.343805;5.793014;5.117994;5.680172;5.407172;3
3.956040;3.372180;0.000000;1.000000;0.000000;1.000000;1.000000;0.322214;0.000000;0.000000;0.000000;1.000000;0.000000;0.000000;0.000000;1.000000;0.000000;0.000000;0.000000;1.000000;0.000000;0.000000;6.248043;4.189655;4.828314;5.308268;4.634729;5.323010;5.720312;5.631212;5.424950;3
3.956040;2.494198;0.000000;1.000000;0.000000;1.000000;0.000000;1.000000;1.000000;1.000000;0.000000;1.000000;1.000000;1.000000;0.000000;1.000000;1.000000;1.000000;0.000000;1.000000;1.000000;1.000000;7.725771;6.248043;6.523562;5.993961;6.447306;7.087574;6.961296;6.851185;7.178545;6
3.956040;3.288615;1.000000;1.000000;0.000000;1.000000;1.000000;0.291664;2.000000;2.000000;1.000000;0.293102;2.000000;2.000000;1.000000;0.246858;2.000000;2.000000;0.000000;1.000000;2.000000;2.000000;9.245900;8.046550;7.852050;7.784057;7.725771;8.646993;8.448915;8.617220;8.483843;9
3.956040;0.556625;0.000000;1.000000;1.000000;5.473499;0.000000;1.000000;1.000000;1.000000;0.000000;1.000000;1.000000;1.000000;0.000000;1.000000;1.000000;1.000000;0.000000;1.000000;1.000000;1.000000;7.859413;6.942157;4.770685;6.838405;6.186209;7.050123;7.269617;7.590852;6.408529;6
3.956040;2.274981;0.000000;1.000000;0.000000;1.000000;1.000000;0.658958;2.000000;2.000000;1.000000;0.171781;2.000000;2.000000;0.000000;1.000000;2.000000;2.000000;0.000000;1.000000;2.000000;2.000000;8.439232;7.342132;5.480639;7.859413;5.525453;7.486053;7.952615;8.326517;6.198479;9
3.956040;2.940702;0.000000;1.000000;0.000000;1.000000;1.000000;0.356840;3.000000;3.000000;1.000000;0.188806;3.000000;3.000000;1.000000;0.315280;3.000000;3.000000;0.000000;1.000000;3.000000;3.000000;10.278356;9.245900;8.364275;9.171599;8.439232;9.592401;9.571226;9.902838;9.110299;12
3.956040;3.064394;0.000000;1.000000;0.000000;1.000000;0.000000;1.000000;0.000000;0.000000;0.000000;1.000000;0.000000;0.000000;0.000000;1.000000;0.000000;0.000000;0.000000;1.000000;0.000000;0.000000;4.787492;2.564949;3.091043;3.135494;4.094345;3.610918;4.406719;3.663562;4.394449;3
3.956040;2.320611;0.000000;1.000000;0.000000;1.000000;0.000000;1.000000;1.000000;1.000000;0.000000;1.000000;1.000000;1.000000;0.000000;1.000000;1.000000;1.000000;0.000000;1.000000;1.000000;1.000000;6.735780;4.787492;4.532599;4.934474;5.765191;5.375278;6.315358;5.996452;6.018593;6
3.956040;1.855349;0.000000;1.000000;0.000000;1.000000;1.000000;0.386242;2.000000;2.000000;0.000000;1.000000;2.000000;2.000000;0.000000;1.000000;2.000000;2.000000;0.000000;1.000000;2.000000;2.000000;7.974877;6.265301;6.735780;6.386879;6.817831;7.220374;7.321850;7.023759;7.486053;9
3.956040;2.193665;1.000000;1.000000;0.000000;1.000000;1.000000;0.220822;3.000000;3.000000;1.000000;0.184851;3.000000;3.000000;1.000000;0.385991;3.000000;3.000000;0.000000;1.000000;3.000000;3.000000;9.376617;7.758760;7.441907;8.428580;7.974877;8.312381;8.951829;8.875846;8.443546;12
3.956040;1.501890;0.000000;1.000000;1.000000;1.000000;1.000000;0.430967;3.000000;3.000000;0.000000;1.000000;3.000000;3.000000;1.000000;0.505718;3.000000;3.000000;0.000000;1.000000;3.000000;3.000000;8.641533;7.627544;0.000000;7.724447;0.000000;7.950502;7.945910;8.371011;0.000000;12
3.956040;0.712376;0.000000;1.000000;1.000000;3.924145;0.000000;1.000000;1.000000;1.000000;0.000000;1.000000;1.000000;1.000000;0.000000;1.000000;1.000000;1.000000;0.000000;1.000000;1.000000;1.000000;6.018593;4.454347;4.248495;4.753590;4.634729;5.036952;5.389072;5.416101;5.231109;6
3.956040;1.377160;0.000000;1.000000;0.000000;1.000000;1.000000;0.569852;2.000000;2.000000;0.000000;1.000000;2.000000;2.000000;0.000000;1.000000;2.000000;2.000000;0.000000;1.000000;2.000000;2.000000;7.368340;5.733341;6.018593;5.564520;6.208590;6.646390;6.693324;6.350886;6.815640;9
3.956040;2.223505;1.000000;1.000000;0.000000;1.000000;1.000000;0.498719;3.000000;3.000000;1.000000;0.255221;3.000000;3.000000;1.000000;0.118330;3.000000;3.000000;0.000000;1.000000;3.000000;3.000000;9.294406;8.591372;7.887208;7.085064;7.368340;8.996281;7.935229;8.792702;8.354674;12
3.956040;1.147161;0.000000;1.000000;1.000000;1.896727;0.000000;1.000000;1.000000;1.000000;0.000000;1.000000;1.000000;1.000000;0.000000;1.000000;1.000000;1.000000;0.000000;1.000000;1.000000;1.000000;6.297109;4.941642;4.812184;4.762174;4.927254;5.645447;5.560682;5.545177;5.572154;6
3.956040;0.822609;0.000000;1.000000;0.000000;1.000000;0.000000;1.000000;2.000000;2.000000;0.000000;1.000000;2.000000;2.000000;0.000000;1.000000;2.000000;2.000000;0.000000;1.000000;2.000000;2.000000;7.509335;6.297109;5.652489;6.208590;6.113682;6.716595;6.879356;6.985642;6.601230;9
3.956040;1.036749;0.000000;1.000000;0.000000;1.000000;1.000000;0.771793;3.000000;3.000000;0.000000;1.000000;3.000000;3.000000;0.000000;1.000000;3.000000;3.000000;0.000000;1.000000;3.000000;3.000000;8.861492;7.496098;0.000000;7.509335;0.000000;7.864804;8.374016;8.202756;0.000000;12
3.956040;3.335303;0.000000;1.000000;0.000000;1.000000;0.000000;1.000000;0.000000;0.000000;0.000000;1.000000;0.000000;0.000000;0.000000;1.000000;0.000000;0.000000;0.000000;1.000000;0.000000;0.000000;6.104793;5.105946;3.295837;3.761200;3.135494;5.680172;5.049856;5.332719;3.891820;3
3.956040;2.472180;0.000000;1.000000;0.000000;1.000000;0.000000;1.000000;1.000000;1.000000;0.000000;1.000000;1.000000;1.000000;0.000000;1.000000;1.000000;1.000000;0.000000;1.000000;1.000000;1.000000;7.021976;6.104793;5.283204;5.624018;5.093750;6.469250;6.113682;6.586172;5.976351;6
3.956040;1.493170;0.000000;1.000000;0.000000;1.000000;0.000000;1.000000;2.000000;2.000000;0.000000;1.000000;2.000000;2.000000;0.000000;1.000000;2.000000;2.000000;0.000000;1.000000;2.000000;2.000000;7.839526;7.021976;6.440947;5.937536;5.869297;7.469654;6.654152;7.323831;6.886532;9
3.956040;1.978986;1.000000;1.000000;0.000000;1.000000;1.000000;0.262808;3.000000;3.000000;1.000000;0.315494;3.000000;3.000000;1.000000;0.233364;3.000000;3.000000;0.000000;1.000000;3.000000;3.000000;9.257796;7.856707;7.999343;7.739359;7.839526;8.632128;8.487146;8.493310;8.630879;12
3.956040;3.425622;0.000000;1.000000;0.000000;1.000000;1.000000;0.276032;0.000000;0.000000;0.000000;1.000000;0.000000;0.000000;0.000000;1.000000;0.000000;0.000000;0.000000;1.000000;0.000000;0.000000;7.068172;3.295837;4.276666;6.771935;5.010635;4.983607;6.932448;6.838405;5.433722;3
3.956040;3.219071;0.000000;1.000000;0.000000;1.000000;1.000000;0.179397;1.000000;1.000000;1.000000;0.273779;1.000000;1.000000;0.000000;1.000000;1.000000;1.000000;0.000000;1.000000;1.000000;1.000000;7.796469;4.779123;5.843544;7.068172;6.563856;6.150603;7.545918;7.171657;7.030858;6
3.956040;2.610787;0.000000;1.000000;0.000000;1.000000;1.000000;0.238341;2.000000;2.000000;1.000000;0.183355;2.000000;2.000000;0.000000;1.000000;2.000000;2.000000;0.000000;1.000000;2.000000;2.000000;8.804626;6.770790;6.511745;7.796469;7.888334;7.343426;8.536799;8.109526;8.113726;9
3.956040;2.351325;1.000000;1.000000;0.000000;1.000000;1.000000;0.219219;3.000000;3.000000;1.000000;0.226878;3.000000;3.000000;1.000000;0.189253;3.000000;3.000000;0.000000;1.000000;3.000000;3.000000;9.682653;8.123558;8.038835;7.957877;8.804626;8.776784;9.162620;8.744328;9.186355;12
3.956040;2.233737;0.000000;1.000000;1.000000;1.875056;0.000000;1.000000;0.000000;0.000000;0.000000;1.000000;0.000000;0.000000;0.000000;1.000000;0.000000;0.000000;0.000000;1.000000;0.000000;0.000000;3.806663;1.609438;2.397895;1.945910;2.397895;3.044523;2.833213;3.135494;3.044523;3
3.956040;1.968537;0.000000;1.000000;0.000000;1.000000;0.000000;1.000000;1.000000;1.000000;0.000000;1.000000;1.000000;1.000000;0.000000;1.000000;1.000000;1.000000;0.000000;1.000000;1.000000;1.000000;6.538140;3.806663;5.308268;3.555348;5.983936;5.505332;6.098074;4.382027;6.406880;6
3.956040;1.578900;0.000000;1.000000;0.000000;1.000000;1.000000;0.336261;2.000000;2.000000;0.000000;1.000000;2.000000;2.000000;0.000000;1.000000;2.000000;2.000000;0.000000;1.000000;2.000000;2.000000;7.896553;5.533390;6.538140;6.091310;7.163947;6.850126;7.457032;6.555357;7.594381;9
3.956040;1.958188;1.000000;1.000000;0.000000;1.000000;1.000000;0.271645;3.000000;3.000000;1.000000;0.172954;3.000000;3.000000;1.000000;0.346093;3.000000;3.000000;0.000000;1.000000;3.000000;3.000000;9.255601;7.922986;7.313221;8.126814;7.896553;8.370085;8.718336;8.724370;8.369389;12
3.956040;1.394599;0.000000;1.000000;1.000000;1.343897;0.000000;1.000000;1.000000;1.000000;0.000000;1.000000;1.000000;1.000000;0.000000;1.000000;1.000000;1.000000;0.000000;1.000000;1.000000;1.000000;6.998509;4.983607;6.224558;4.890349;5.652489;6.480044;6.093570;5.648974;6.670766;6
3.956040;1.610910;0.000000;1.000000;0.000000;1.000000;1.000000;0.557457;2.000000;2.000000;0.000000;1.000000;2.000000;2.000000;0.000000;1.000000;2.000000;2.000000;0.000000;1.000000;2.000000;2.000000;8.416267;6.563856;6.998509;6.329721;7.466799;7.506042;7.767687;7.186901;8.068716;9
3.956040;2.560601;0.000000;1.000000;0.000000;1.000000;1.000000;0.412211;3.000000;3.000000;1.000000;0.153836;3.000000;3.000000;1.000000;0.323988;3.000000;3.000000;0.000000;1.000000;3.000000;3.000000;10.049880;9.068546;8.043984;8.825119;8.416267;9.376533;9.336620;9.648853;8.942461;12
3.956040;4.076681;0.000000;1.000000;0.000000;1.000000;1.000000;0.321451;0.000000;0.000000;1.000000;0.280467;0.000000;0.000000;0.000000;1.000000;0.000000;0.000000;0.000000;1.000000;0.000000;0.000000;7.079185;5.613128;5.631212;4.418840;5.894403;6.569481;6.163315;5.905362;6.484635;3
3.956040;2.040790;0.000000;1.000000;1.000000;2.333693;0.000000;1.000000;0.000000;0.000000;0.000000;1.000000;0.000000;0.000000;0.000000;1.000000;0.000000;0.000000;0.000000;1.000000;0.000000;0.000000;6.234411;3.433987;3.912023;5.361292;5.267858;4.510859;6.035481;5.572154;5.517453;3
3.956040;2.756560;0.000000;1.000000;0.000000;1.000000;1.000000;0.555262;1.000000;1.000000;0.000000;1.000000;1.000000;1.000000;0.000000;1.000000;1.000000;1.000000;0.000000;1.000000;1.000000;1.000000;7.948739;6.359574;6.234411;6.519147;6.952729;6.997596;7.455298;7.153834;7.349231;6
3.956040;3.297028;1.000000;1.000000;0.000000;1.000000;1.000000;0.217172;2.000000;2.000000;1.000000;0.240806;2.000000;2.000000;1.000000;0.340217;2.000000;2.000000;0.000000;1.000000;2.000000;2.000000;9.314159;7.734559;7.831617;8.144389;7.948739;8.477412;8.746398;8.654517;8.584852;9
3.956040;3.517387;0.000000;1.000000;0.000000;1.000000;1.000000;0.404379;0.000000;0.000000;0.000000;1.000000;0.000000;0.000000;0.000000;1.000000;0.000000;0.000000;0.000000;1.000000;0.000000;0.000000;6.269096;5.384495;5.170484;3.465736;3.871201;6.098074;4.369448;5.525453;5.493062;3
3.956040;3.195294;0.000000;1.000000;0.000000;1.000000;1.000000;0.442387;1.000000;1.000000;0.000000;1.000000;1.000000;1.000000;0.000000;1.000000;1.000000;1.000000;0.000000;1.000000;1.000000;1.000000;7.834788;6.522093;6.269096;6.996682;5.267858;7.106606;7.170888;7.482119;6.586172;6
3.956040;2.914873;0.000000;1.000000;0.000000;1.000000;1.000000;0.357071;2.000000;2.000000;1.000000;0.233367;2.000000;2.000000;0.000000;1.000000;2.000000;2.000000;0.000000;1.000000;2.000000;2.000000;8.989944;7.714677;7.185387;7.834788;7.359468;8.178638;8.393442;8.470311;8.087026;9
3.956040;3.143460;1.000000;1.000000;0.000000;1.000000;1.000000;0.255734;3.000000;3.000000;1.000000;0.290951;3.000000;3.000000;1.000000;0.242660;3.000000;3.000000;0.000000;1.000000;3.000000;3.000000;10.519052;9.079662;9.314159;9.111293;8.989944;9.897972;9.748295;9.790263;9.860267;12
3.956040;3.804076;0.000000;1.000000;0.000000;1.000000;1.000000;0.340455;0.000000;0.000000;0.000000;1.000000;0.000000;0.000000;0.000000;1.000000;0.000000;0.000000;0.000000;1.000000;0.000000;0.000000;6.989335;5.631212;5.874931;5.700444;4.762174;6.458338;6.102559;6.369901;6.159095;3
3.956040;3.382381;0.000000;1.000000;0.000000;1.000000;1.000000;0.442537;1.000000;1.000000;0.000000;1.000000;1.000000;1.000000;0.000000;1.000000;1.000000;1.000000;0.000000;1.000000;1.000000;1.000000;8.224700;7.083388;6.989335;6.236370;6.840547;7.730175;7.283448;7.440146;7.611843;6
3.956040;2.855099;0.000000;1.000000;0.000000;1.000000;1.000000;0.298592;2.000000;2.000000;1.000000;0.188390;2.000000;2.000000;0.000000;1.000000;2.000000;2.000000;0.000000;1.000000;2.000000;2.000000;9.070963;7.581720;6.954639;8.224700;7.571989;8.013674;8.644354;8.647870;8.007034;9
3.956040;2.964531;1.000000;1.000000;0.000000;1.000000;1.000000;0.267509;3.000000;3.000000;1.000000;0.210887;3.000000;3.000000;1.000000;0.281983;3.000000;3.000000;0.000000;1.000000;3.000000;3.000000;10.391147;9.050172;8.740336;9.115260;9.070963;9.600353;9.786448;9.776506;9.612935;12
3.956040;3.539494;0.000000;1.000000;0.000000;1.000000;1.000000;0.285032;0.000000;0.000000;0.000000;1.000000;0.000000;0.000000;0.000000;1.000000;0.000000;0.000000;0.000000;1.000000;0.000000;0.000000;6.573680;4.094345;4.948760;5.480639;5.198497;5.398163;6.146329;5.723585;5.843544;3
3.956040;2.927447;0.000000;1.000000;0.000000;1.000000;0.000000;1.000000;0.000000;0.000000;0.000000;1.000000;0.000000;0.000000;0.000000;1.000000;0.000000;0.000000;0.000000;1.000000;0.000000;0.000000;6.669498;5.777652;4.094345;5.780744;3.583519;5.955837;5.575949;6.293419;4.553877;3
3.956040;2.250922;0.000000;1.000000;0.000000;1.000000;0.000000;1.000000;1.000000;1.000000;0.000000;1.000000;1.000000;1.000000;0.000000;1.000000;1.000000;1.000000;0.000000;1.000000;1.000000;1.000000;8.204672;6.669498;6.308098;7.074963;7.018402;7.200425;7.743270;7.585281;7.433075;6
3.956040;3.147195;0.000000;1.000000;0.000000;1.000000;1.000000;0.223684;2.000000;2.000000;1.000000;0.287704;2.000000;2.000000;1.000000;0.322872;2.000000;2.000000;0.000000;1.000000;2.000000;2.000000;9.270682;7.471932;7.759187;7.915713;8.204672;8.328692;8.770749;8.415604;8.702677;9
3.956040;2.782993;1.000000;1.000000;0.000000;1.000000;1.000000;0.125543;3.000000;3.000000;1.000000;0.362000;3.000000;3.000000;1.000000;0.124834;3.000000;3.000000;0.000000;1.000000;3.000000;3.000000;10.176640;8.085178;9.100303;8.120886;9.270682;9.410338;9.551089;8.796187;9.883336;12
3.956040;2.243889;0.000000;1.000000;1.000000;1.853871;0.000000;1.000000;0.000000;0.000000;0.000000;1.000000;0.000000;0.000000;0.000000;1.000000;0.000000;0.000000;0.000000;1.000000;0.000000;0.000000;4.477337;2.708050;2.564949;3.295837;3.091043;3.295837;3.912023;3.912023;3.610918;3
3.956040;1.971857;0.000000;1.000000;0.000000;1.000000;0.000000;1.000000;1.000000;1.000000;0.000000;1.000000;1.000000;1.000000;0.000000;1.000000;1.000000;1.000000;0.000000;1.000000;1.000000;1.000000;7.563720;4.477337;4.663439;6.991177;6.396930;5.293305;7.430114;7.099202;6.573680;6
3.956040;2.290150;0.000000;1.000000;0.000000;1.000000;1.000000;0.197718;2.000000;2.000000;1.000000;0.482664;2.000000;2.000000;0.000000;1.000000;2.000000;2.000000;0.000000;1.000000;2.000000;2.000000;8.815964;6.167517;7.460490;7.563720;7.851661;7.703910;8.412277;7.788626;8.371011;9
3.956040;2.695269;0.000000;1.000000;0.000000;1.000000;1.000000;0.324827;3.000000;3.000000;1.000000;0.201850;3.000000;3.000000;1.000000;0.290069;3.000000;3.000000;0.000000;1.000000;3.000000;3.000000;10.189080;8.934060;8.538563;8.875566;8.815964;9.449279;9.540148;9.598388;9.380336;12
3.956040;0.663672;0.000000;1.000000;1.000000;4.327929;0.000000;1.000000;1.000000;1.000000;0.000000;1.000000;1.000000;1.000000;0.000000;1.000000;1.000000;1.000000;0.000000;1.000000;1.000000;1.000000;6.701961;5.416101;4.727388;5.433722;4.927254;6.033086;5.905362;6.255750;5.521461;6
3.956040;1.406168;0.000000;1.000000;0.000000;1.000000;1.000000;0.594009;2.000000;2.000000;0.000000;1.000000;2.000000;2.000000;0.000000;1.000000;2.000000;2.000000;0.000000;1.000000;2.000000;2.000000;7.739794;6.214608;6.701961;6.135565;6.234411;7.185387;6.886532;6.867974;7.187657;9
3.956040;2.094703;1.000000;1.000000;0.000000;1.000000;1.000000;0.228952;3.000000;3.000000;1.000000;0.223399;3.000000;3.000000;1.000000;0.395802;3.000000;3.000000;0.000000;1.000000;3.000000;3.000000;9.374668;7.740230;7.643483;8.532673;7.739794;8.385945;8.905987;8.907071;8.390041;12
3.956040;1.366998;0.000000;1.000000;1.000000;1.000000;1.000000;0.522917;3.000000;3.000000;0.000000;1.000000;3.000000;3.000000;1.000000;0.401497;3.000000;3.000000;0.000000;1.000000;3.000000;3.000000;8.821437;7.628518;0.000000;7.446002;0.000000;8.213923;8.029433;8.234300;0.000000;12
3.956040;3.384461;0.000000;1.000000;0.000000;1.000000;1.000000;0.400349;0.000000;0.000000;0.000000;1.000000;0.000000;0.000000;0.000000;1.000000;0.000000;0.000000;0.000000;1.000000;0.000000;0.000000;6.349139;5.159055;4.770685;4.700480;5.003946;5.697093;5.609472;5.710427;5.598422;3
3.956040;3.139714;0.000000;1.000000;0.000000;1.000000;1.000000;0.456527;1.000000;1.000000;0.000000;1.000000;1.000000;1.000000;0.000000;1.000000;1.000000;1.000000;0.000000;1.000000;1.000000;1.000000;8.005701;6.445720;6.349139;6.759255;6.821107;7.107426;7.482682;7.312553;7.305860;6
3.956040;2.910471;0.000000;1.000000;0.000000;1.000000;1.000000;0.388120;2.000000;2.000000;1.000000;0.219412;2.000000;2.000000;0.000000;1.000000;2.000000;2.000000;0.000000;1.000000;2.000000;2.000000;9.012256;7.857868;7.258412;8.005701;7.059618;8.295299;8.339500;8.632484;7.856707;9
3.956040;2.623591;1.000000;1.000000;0.000000;1.000000;1.000000;0.157002;3.000000;3.000000;1.000000;0.307667;3.000000;3.000000;1.000000;0.171400;3.000000;3.000000;0.000000;1.000000;3.000000;3.000000;10.005728;8.144098;8.820552;8.216088;9.012256;9.234252;9.384966;8.874448;9.616072;12
3.956040;0.685087;0.000000;1.000000;1.000000;4.143040;0.000000;1.000000;1.000000;1.000000;0.000000;1.000000;1.000000;1.000000;0.000000;1.000000;1.000000;1.000000;0.000000;1.000000;1.000000;1.000000;5.826000;4.174387;4.564348;4.262680;4.454347;5.087596;5.049856;4.941642;5.298317;6
3.956040;0.685673;0.000000;1.000000;0.000000;1.000000;0.000000;1.000000;2.000000;2.000000;0.000000;1.000000;2.000000;2.000000;0.000000;1.000000;2.000000;2.000000;0.000000;1.000000;2.000000;2.000000;7.510430;5.826000;6.276643;6.016157;6.148468;6.786717;6.801283;6.642487;6.931472;9
3.956040;0.864670;0.000000;1.000000;0.000000;1.000000;1.000000;0.750758;3.000000;3.000000;0.000000;1.000000;3.000000;3.000000;0.000000;1.000000;3.000000;3.000000;0.000000;1.000000;3.000000;3.000000;9.088850;7.301148;0.000000;7.510430;0.000000;8.351375;8.374476;8.104704;0.000000;12
3.956040;1.586495;0.000000;1.000000;1.000000;1.000000;1.000000;0.309893;3.000000;3.000000;1.000000;0.634028;3.000000;3.000000;0.000000;1.000000;3.000000;3.000000;0.000000;1.000000;3.000000;3.000000;9.496196;7.464510;8.238008;0.000000;0.000000;8.678461;0.000000;7.914252;9.231123;12
3.956040;1.939649;0.000000;1.000000;1.000000;1.000000;1.000000;0.610213;3.000000;3.000000;1.000000;0.365921;3.000000;3.000000;0.000000;1.000000;3.000000;3.000000;0.000000;1.000000;3.000000;3.000000;10.066329;8.768263;8.279951;0.000000;0.000000;9.248503;0.000000;9.499421;8.986696;12
3.956040;1.886453;0.000000;1.000000;1.000000;1.000000;1.000000;0.229663;3.000000;3.000000;1.000000;0.731388;3.000000;3.000000;0.000000;1.000000;3.000000;3.000000;0.000000;1.000000;3.000000;3.000000;9.629708;7.673223;8.798001;0.000000;0.000000;9.079434;0.000000;8.298788;9.303193;12
3.956040;2.421332;0.000000;1.000000;1.000000;1.000000;1.000000;0.655083;3.000000;3.000000;1.000000;0.331064;3.000000;3.000000;0.000000;1.000000;3.000000;3.000000;0.000000;1.000000;3.000000;3.000000;10.506874;9.349581;8.706986;0.000000;0.000000;9.772468;0.000000;10.025749;9.539644;12
3.956040;2.236176;0.000000;1.000000;1.000000;1.000000;1.000000;0.603225;3.000000;3.000000;1.000000;0.370696;3.000000;3.000000;0.000000;1.000000;3.000000;3.000000;0.000000;1.000000;3.000000;3.000000;10.390932;9.080232;8.530702;0.000000;0.000000;9.535824;0.000000;9.851721;9.502786;12
3.812203;1.237205;0.000000;1.000000;1.000000;4.763155;0.000000;1.000000;0.000000;0.000000;0.000000;1.000000;0.000000;0.000000;0.000000;1.000000;0.000000;0.000000;0.000000;1.000000;0.000000;0.000000;4.174387;3.044523;2.944439;2.564949;2.708050;3.663562;3.295837;3.496508;3.496508;3
3.812203;3.256640;0.000000;1.000000;0.000000;1.000000;1.000000;0.374853;0.000000;0.000000;0.000000;1.000000;0.000000;0.000000;0.000000;1.000000;0.000000;0.000000;0.000000;1.000000;0.000000;0.000000;5.609472;3.555348;3.610918;3.663562;2.639057;4.276666;4.007333;5.141664;4.634729;3
3.812203;2.330156;0.000000;1.000000;0.000000;1.000000;0.000000;1.000000;1.000000;1.000000;0.000000;1.000000;1.000000;1.000000;0.000000;1.000000;1.000000;1.000000;0.000000;1.000000;1.000000;1.000000;6.466145;5.609472;4.317488;5.123964;4.682131;5.852202;5.655992;6.086775;5.308268;6
3.812203;0.094098;0.000000;1.000000;1.000000;30.800579;0.000000;1.000000;1.000000;1.000000;0.000000;1.000000;1.000000;1.000000;0.000000;1.000000;1.000000;1.000000;0.000000;1.000000;1.000000;1.000000;6.077642;4.672829;4.262680;5.017280;4.369448;5.303305;5.455321;5.572154;5.135798;6
3.812203;1.897887;0.000000;1.000000;0.000000;1.000000;1.000000;0.489942;2.000000;2.000000;1.000000;0.336014;2.000000;2.000000;0.000000;1.000000;2.000000;2.000000;0.000000;1.000000;2.000000;2.000000;7.596894;6.208590;6.001415;6.077642;6.336826;6.802395;6.979145;6.838405;6.932448;9
3.812203;2.085353;1.000000;1.000000;0.000000;1.000000;1.000000;0.305213;3.000000;3.000000;1.000000;0.230974;3.000000;3.000000;1.000000;0.229658;3.000000;3.000000;0.000000;1.000000;3.000000;3.000000;8.952864;7.716015;7.475339;7.446002;7.596894;8.298041;8.219865;8.282989;8.230844;12
3.812203;1.238770;0.000000;1.000000;1.000000;1.239719;0.000000;1.000000;1.000000;1.000000;0.000000;1.000000;1.000000;1.000000;0.000000;1.000000;1.000000;1.000000;0.000000;1.000000;1.000000;1.000000;6.098074;4.584968;4.553877;4.875197;4.753590;5.273000;5.513429;5.438079;5.347107;6
3.812203;1.436755;0.000000;1.000000;0.000000;1.000000;1.000000;0.572942;2.000000;2.000000;0.000000;1.000000;2.000000;2.000000;0.000000;1.000000;2.000000;2.000000;0.000000;1.000000;2.000000;2.000000;7.671361;6.313548;6.098074;6.635947;5.913503;6.903747;7.033506;7.190676;6.706862;9
3.812203;1.989031;1.000000;1.000000;0.000000;1.000000;1.000000;0.282103;3.000000;3.000000;1.000000;0.244563;3.000000;3.000000;1.000000;0.309426;3.000000;3.000000;0.000000;1.000000;3.000000;3.000000;9.033484;7.543803;7.765145;7.535297;7.671361;8.360773;8.299037;8.258423;8.414274;12
3.812203;0.952426;0.000000;1.000000;1.000000;1.908933;0.000000;1.000000;1.000000;1.000000;0.000000;1.000000;1.000000;1.000000;0.000000;1.000000;1.000000;1.000000;0.000000;1.000000;1.000000;1.000000;5.513429;4.007333;3.988984;4.356709;4.094345;4.682131;4.934474;4.882802;4.744932;6
3.812203;1.316008;0.000000;1.000000;0.000000;1.000000;1.000000;0.576787;2.000000;2.000000;0.000000;1.000000;2.000000;2.000000;0.000000;1.000000;2.000000;2.000000;0.000000;1.000000;2.000000;2.000000;7.136483;5.676754;5.513429;5.971262;5.723585;6.289716;6.573680;6.526495;6.335054;9
3.812203;1.740731;1.000000;1.000000;0.000000;1.000000;1.000000;0.204564;3.000000;3.000000;1.000000;0.408019;3.000000;3.000000;1.000000;0.192932;3.000000;3.000000;0.000000;1.000000;3.000000;3.000000;8.670429;7.009409;7.747165;7.005789;7.136483;8.137689;7.769801;7.704361;8.190908;12
3.812203;0.219197;0.000000;1.000000;1.000000;2.248314;0.000000;1.000000;2.000000;2.000000;0.000000;1.000000;2.000000;2.000000;0.000000;1.000000;2.000000;2.000000;0.000000;1.000000;2.000000;2.000000;7.490530;5.910797;5.866468;6.455199;5.981414;6.617403;6.938284;6.939254;6.617403;9
3.812203;1.615592;0.000000;1.000000;0.000000;1.000000;1.000000;0.316127;3.000000;3.000000;1.000000;0.254227;3.000000;3.000000;1.000000;0.356828;3.000000;3.000000;0.000000;1.000000;3.000000;3.000000;8.739536;7.186144;7.308543;7.396335;7.490530;7.945201;8.137980;7.989899;8.100162;12
3.812203;1.043620;0.000000;1.000000;1.000000;6.333607;0.000000;1.000000;0.000000;0.000000;0.000000;1.000000;0.000000;0.000000;0.000000;1.000000;0.000000;0.000000;0.000000;1.000000;0.000000;0.000000;7.060476;5.594711;5.826000;5.537334;5.170484;6.428105;6.180017;6.257668;6.458338;3
3.812203;3.414418;1.000000;1.000000;0.000000;1.000000;1.000000;0.190460;1.000000;1.000000;1.000000;0.267790;1.000000;1.000000;1.000000;0.361330;1.000000;1.000000;0.000000;1.000000;1.000000;1.000000;8.093157;5.942800;6.396930;6.898715;7.060476;6.964136;7.702556;7.262629;7.521318;6
3.812203;3.610591;0.000000;1.000000;0.000000;1.000000;1.000000;0.393745;0.000000;0.000000;0.000000;1.000000;0.000000;0.000000;0.000000;1.000000;0.000000;0.000000;0.000000;1.000000;0.000000;0.000000;6.775366;5.680172;5.370638;5.342334;4.663439;6.311735;5.758902;6.216606;5.831882;3
3.812203;3.707926;0.000000;1.000000;0.000000;1.000000;1.000000;0.280087;0.000000;0.000000;0.000000;1.000000;0.000000;0.000000;0.000000;1.000000;0.000000;0.000000;0.000000;1.000000;0.000000;0.000000;6.595780;5.153292;5.690360;4.430817;3.988984;6.206576;5.117994;5.545177;6.167517;3
3.812203;1.888838;0.000000;1.000000;1.000000;2.076122;0.000000;1.000000;0.000000;0.000000;0.000000;1.000000;0.000000;0.000000;0.000000;1.000000;0.000000;0.000000;0.000000;1.000000;0.000000;0.000000;6.396930;4.553877;4.890349;4.804021;5.209486;5.429346;5.720312;5.575949;5.823046;3
3.812203;1.694133;0.000000;1.000000;0.000000;1.000000;0.000000;1.000000;1.000000;1.000000;0.000000;1.000000;1.000000;1.000000;0.000000;1.000000;1.000000;1.000000;0.000000;1.000000;1.000000;1.000000;7.867105;6.396930;6.089045;6.517671;6.625392;6.956545;7.269617;7.160069;7.162397;6
3.812203;3.228129;0.000000;1.000000;0.000000;1.000000;1.000000;0.294815;2.000000;2.000000;1.000000;0.291027;2.000000;2.000000;1.000000;0.320123;2.000000;2.000000;0.000000;1.000000;2.000000;2.000000;9.430760;8.093157;8.036250;8.111629;7.867105;8.758255;8.675052;8.805975;8.652773;9
3.812203;2.552998;1.000000;1.000000;0.000000;1.000000;1.000000;0.087086;3.000000;3.000000;1.000000;0.103615;3.000000;3.000000;1.000000;0.278268;3.000000;3.000000;0.000000;1.000000;3.000000;3.000000;9.967072;7.308543;7.373374;8.633553;9.430760;8.053569;9.806040;8.870944;9.551800;12
3.812203;4.058076;0.000000;1.000000;0.000000;1.000000;1.000000;0.203583;0.000000;0.000000;1.000000;0.214025;0.000000;0.000000;1.000000;0.151923;0.000000;0.000000;0.000000;1.000000;0.000000;0.000000;6.954639;5.323010;4.795791;4.804021;6.159095;5.860786;6.418365;5.796058;6.104793;3
3.812203;3.994610;1.000000;1.000000;0.000000;1.000000;1.000000;0.278143;0.000000;0.000000;1.000000;0.216000;0.000000;0.000000;1.000000;0.171445;0.000000;0.000000;0.000000;1.000000;0.000000;0.000000;6.934397;5.398163;5.351858;4.890349;5.963579;6.220590;6.263398;5.942800;6.440947;3
3.812203;2.135878;0.000000;1.000000;1.000000;1.560796;0.000000;1.000000;0.000000;0.000000;0.000000;1.000000;0.000000;0.000000;0.000000;1.000000;0.000000;0.000000;0.000000;1.000000;0.000000;0.000000;7.190676;5.863631;6.102559;5.446737;5.560682;6.693324;6.228511;6.385194;6.566672;3
3.812203;3.813946;1.000000;1.000000;0.000000;1.000000;1.000000;0.331809;1.000000;1.000000;1.000000;0.287045;1.000000;1.000000;1.000000;0.229767;1.000000;1.000000;0.000000;1.000000;1.000000;1.000000;8.496582;7.346010;6.934397;6.810143;7.190676;7.875499;7.725330;7.828835;7.776954;6
3.812203;3.909989;1.000000;1.000000;0.000000;1.000000;1.000000;0.190089;0.000000;0.000000;1.000000;0.235464;0.000000;0.000000;1.000000;0.248884;0.000000;0.000000;0.000000;1.000000;0.000000;0.000000;6.476973;4.897840;4.653960;5.459586;4.605170;5.575949;5.924256;5.932245;5.337538;3
3.812203;3.175922;0.000000;1.000000;0.000000;1.000000;1.000000;0.319245;0.000000;0.000000;0.000000;1.000000;0.000000;0.000000;0.000000;1.000000;0.000000;0.000000;0.000000;1.000000;0.000000;0.000000;5.556828;4.369448;3.401197;4.290460;4.369448;4.682131;5.023880;5.017280;4.682131;3
3.812203;3.091080;0.000000;1.000000;0.000000;1.000000;1.000000;0.553446;1.000000;1.000000;0.000000;1.000000;1.000000;1.000000;0.000000;1.000000;1.000000;1.000000;0.000000;1.000000;1.000000;1.000000;7.884200;6.476973;5.556828;7.146772;5.991465;6.842683;7.436028;7.566311;6.504288;6
3.812203;3.343547;1.000000;1.000000;0.000000;1.000000;1.000000;0.270653;2.000000;2.000000;1.000000;0.096283;2.000000;2.000000;1.000000;0.398124;2.000000;2.000000;0.000000;1.000000;2.000000;2.000000;9.278186;7.728416;6.647688;8.496582;7.884200;8.022241;8.942984;8.881419;8.154213;9
3.812203;1.125757;0.000000;1.000000;1.000000;1.459271;0.000000;1.000000;1.000000;1.000000;0.000000;1.000000;1.000000;1.000000;0.000000;1.000000;1.000000;1.000000;0.000000;1.000000;1.000000;1.000000;7.475906;6.261492;5.916202;6.304449;5.710427;6.799056;6.762730;6.974479;6.519147;6
3.812203;2.482461;0.000000;1.000000;0.000000;1.000000;1.000000;0.174251;2.000000;2.000000;1.000000;0.204695;2.000000;2.000000;1.000000;0.467112;2.000000;2.000000;0.000000;1.000000;2.000000;2.000000;8.411388;6.261492;6.450470;7.254885;7.475906;7.178545;8.067149;7.583248;7.788626;9
3.812203;2.663849;1.000000;1.000000;0.000000;1.000000;1.000000;0.151321;3.000000;3.000000;1.000000;0.117310;3.000000;3.000000;1.000000;0.508552;3.000000;3.000000;0.000000;1.000000;3.000000;3.000000;9.887358;7.755767;7.609862;9.278186;8.411388;8.398860;9.630431;9.476697;8.797548;12
3.812203;3.790995;0.000000;1.000000;0.000000;1.000000;1.000000;0.426844;0.000000;0.000000;1.000000;0.222603;0.000000;0.000000;0.000000;1.000000;0.000000;0.000000;0.000000;1.000000;0.000000;0.000000;7.212295;6.066108;4.727388;5.966147;5.616771;6.371612;6.533789;6.709304;6.282267;3
3.812203;3.551794;0.000000;1.000000;0.000000;1.000000;1.000000;0.320500;1.000000;1.000000;1.000000;0.234709;1.000000;1.000000;0.000000;1.000000;1.000000;1.000000;0.000000;1.000000;1.000000;1.000000;8.478868;6.881411;6.499787;7.212295;7.532624;7.404279;8.006034;7.766417;7.873979;6
3.812203;3.337460;1.000000;1.000000;0.000000;1.000000;1.000000;0.188910;2.000000;2.000000;1.000000;0.228120;2.000000;2.000000;1.000000;0.227977;2.000000;2.000000;0.000000;1.000000;2.000000;2.000000;9.379577;7.662468;7.813996;7.832411;8.478868;8.442470;8.895493;8.443977;8.865170;9
3.812203;3.892298;1.000000;1.000000;0.000000;1.000000;1.000000;0.222835;0.000000;0.000000;1.000000;0.306128;0.000000;0.000000;1.000000;0.212424;0.000000;0.000000;0.000000;1.000000;0.000000;0.000000;6.857514;4.762174;5.720312;4.962845;5.921578;6.070738;6.248043;5.572154;6.517671;3
3.812203;3.909363;1.000000;1.000000;0.000000;1.000000;1.000000;0.192769;0.000000;0.000000;1.000000;0.213232;0.000000;0.000000;1.000000;0.226022;0.000000;0.000000;0.000000;1.000000;0.000000;0.000000;6.922644;4.867535;5.192957;5.298317;6.186209;5.771441;6.542472;5.814130;6.523562;3
3.812203;2.530376;0.000000;1.000000;1.000000;1.007986;0.000000;1.000000;0.000000;0.000000;0.000000;1.000000;0.000000;0.000000;0.000000;1.000000;0.000000;0.000000;0.000000;1.000000;0.000000;0.000000;7.268223;5.817111;5.988961;6.276643;4.948760;6.602588;6.541030;6.791222;6.293419;3
3.812203;3.679086;1.000000;1.000000;0.000000;1.000000;1.000000;0.203501;1.000000;1.000000;1.000000;0.295364;1.000000;1.000000;1.000000;0.300828;1.000000;1.000000;0.000000;1.000000;1.000000;1.000000;8.254008;6.434546;6.857514;6.922644;7.268223;7.411556;7.695758;7.401842;7.805067;6
3.812203;0.836480;0.000000;1.000000;1.000000;8.905582;0.000000;1.000000;0.000000;0.000000;0.000000;1.000000;0.000000;0.000000;0.000000;1.000000;0.000000;0.000000;0.000000;1.000000;0.000000;0.000000;7.009409;5.043425;5.762052;4.634729;6.255750;6.159095;6.437752;5.594711;6.732211;3
3.812203;3.535989;1.000000;1.000000;0.000000;1.000000;1.000000;0.306538;1.000000;1.000000;1.000000;0.314039;1.000000;1.000000;1.000000;0.224261;1.000000;1.000000;0.000000;1.000000;1.000000;1.000000;8.171034;6.790097;6.721426;6.340359;7.009409;7.519150;7.424762;7.291656;7.614805;6
3.812203;1.464584;0.000000;1.000000;1.000000;3.503134;0.000000;1.000000;0.000000;0.000000;0.000000;1.000000;0.000000;0.000000;0.000000;1.000000;0.000000;0.000000;0.000000;1.000000;0.000000;0.000000;7.088409;5.697093;5.379897;5.676754;5.733341;6.251904;6.398595;6.431331;6.350886;3
3.812203;3.849427;1.000000;1.000000;0.000000;1.000000;1.000000;0.245718;1.000000;1.000000;1.000000;0.265433;1.000000;1.000000;1.000000;0.365371;1.000000;1.000000;0.000000;1.000000;1.000000;1.000000;8.433376;6.935370;7.080027;7.050123;7.088409;7.703008;7.745003;7.707962;7.782390;6
3.812203;1.120392;0.000000;1.000000;1.000000;5.639020;0.000000;1.000000;0.000000;0.000000;0.000000;1.000000;0.000000;0.000000;0.000000;1.000000;0.000000;0.000000;0.000000;1.000000;0.000000;0.000000;5.793014;4.394449;3.258096;4.997212;3.637586;4.779123;5.342334;5.429346;4.174387;3
3.812203;1.516340;0.000000;1.000000;0.000000;1.000000;0.000000;1.000000;1.000000;1.000000;0.000000;1.000000;1.000000;1.000000;0.000000;1.000000;1.000000;1.000000;0.000000;1.000000;1.000000;1.000000;7.344073;5.793014;6.450470;5.866468;5.365976;6.886532;6.338594;6.523562;6.754604;6
3.812203;3.463114;1.000000;1.000000;0.000000;1.000000;1.000000;0.305562;2.000000;2.000000;1.000000;0.262856;2.000000;2.000000;1.000000;0.365045;2.000000;2.000000;0.000000;1.000000;2.000000;2.000000;9.518266;8.254008;8.171034;8.433376;7.344073;8.912474;8.723557;9.044640;8.536015;9
3.812203;3.911241;1.000000;1.000000;0.000000;1.000000;1.000000;0.192400;0.000000;0.000000;1.000000;0.199420;0.000000;0.000000;1.000000;0.171337;0.000000;0.000000;0.000000;1.000000;0.000000;0.000000;6.758094;4.976734;5.030438;4.553877;6.070738;5.693732;6.267200;5.556828;6.401917;3
3.812203;1.312238;0.000000;1.000000;1.000000;4.291996;0.000000;1.000000;0.000000;0.000000;0.000000;1.000000;0.000000;0.000000;0.000000;1.000000;0.000000;0.000000;0.000000;1.000000;0.000000;0.000000;6.845880;5.214936;5.442418;5.517453;4.595120;6.287858;5.883322;6.068426;5.993961;3
3.812203;3.428454;1.000000;1.000000;0.000000;1.000000;1.000000;0.178812;1.000000;1.000000;1.000000;0.390173;1.000000;1.000000;1.000000;0.245861;1.000000;1.000000;0.000000;1.000000;1.000000;1.000000;7.781556;5.402678;6.758094;5.877736;6.845880;6.992096;7.167809;6.393591;7.494986;6
3.812203;3.970434;1.000000;1.000000;0.000000;1.000000;1.000000;0.234006;0.000000;0.000000;1.000000;0.291633;0.000000;0.000000;1.000000;0.214778;0.000000;0.000000;0.000000;1.000000;0.000000;0.000000;7.007601;5.420535;5.493062;5.204007;5.955837;6.159095;6.357842;6.082219;6.480044;3
3.812203;3.734167;0.000000;1.000000;0.000000;1.000000;1.000000;0.417992;0.000000;0.000000;0.000000;1.000000;0.000000;0.000000;0.000000;1.000000;0.000000;0.000000;0.000000;1.000000;0.000000;0.000000;7.018402;5.968708;4.852030;5.231109;4.553877;6.680855;5.662961;6.357842;5.560682;3
3.812203;2.024349;0.000000;1.000000;1.000000;1.772973;0.000000;1.000000;0.000000;0.000000;0.000000;1.000000;0.000000;0.000000;0.000000;1.000000;0.000000;0.000000;0.000000;1.000000;0.000000;0.000000;6.926577;5.384495;4.762174;5.525453;6.035481;5.811141;6.522093;6.173786;6.280396;3
3.812203;3.519467;1.000000;1.000000;0.000000;1.000000;1.000000;0.234787;1.000000;1.000000;1.000000;0.400635;1.000000;1.000000;1.000000;0.166596;1.000000;1.000000;0.000000;1.000000;1.000000;1.000000;7.973155;5.942800;6.941190;5.420535;6.926577;7.405496;7.135687;6.440947;7.650645;6
3.812203;4.510570;0.000000;1.000000;0.000000;1.000000;1.000000;0.247304;0.000000;0.000000;1.000000;0.234250;0.000000;0.000000;1.000000;0.174163;0.000000;0.000000;0.000000;1.000000;0.000000;0.000000;7.748891;6.206576;5.768321;5.831882;5.988961;7.011214;7.039660;6.732211;6.749931;3
3.812203;3.709926;0.000000;1.000000;0.000000;1.000000;1.000000;0.344198;1.000000;1.000000;0.000000;1.000000;1.000000;1.000000;0.000000;1.000000;1.000000;1.000000;0.000000;1.000000;1.000000;1.000000;8.507546;7.094235;7.748891;5.855072;6.901737;8.167068;7.262629;7.372118;8.108624;6
3.812203;3.647076;1.000000;1.000000;0.000000;1.000000;1.000000;0.194086;2.000000;2.000000;1.000000;0.294255;2.000000;2.000000;1.000000;0.213741;2.000000;2.000000;0.000000;1.000000;2.000000;2.000000;9.669346;7.781556;8.425516;7.973155;8.507546;8.881558;8.968905;8.579228;9.214930;9
3.812203;2.331849;0.000000;1.000000;1.000000;1.253154;0.000000;1.000000;0.000000;0.000000;0.000000;1.000000;0.000000;0.000000;0.000000;1.000000;0.000000;0.000000;0.000000;1.000000;0.000000;0.000000;5.872118;4.330733;4.828314;4.454347;3.583519;5.342334;4.795791;5.241747;5.093750;3
3.812203;4.045053;1.000000;1.000000;0.000000;1.000000;1.000000;0.241331;0.000000;0.000000;1.000000;0.239104;0.000000;0.000000;1.000000;0.251177;0.000000;0.000000;0.000000;1.000000;0.000000;0.000000;7.065613;5.111988;5.176150;5.370638;5.666427;5.866468;6.664409;5.948035;6.586172;3
3.812203;3.038804;0.000000;1.000000;0.000000;1.000000;0.000000;1.000000;0.000000;0.000000;0.000000;1.000000;0.000000;0.000000;0.000000;1.000000;0.000000;0.000000;0.000000;1.000000;0.000000;0.000000;7.391415;4.406719;5.332719;4.700480;6.688354;5.676754;6.837333;6.196444;6.684612;3
3.812203;3.679028;1.000000;1.000000;0.000000;1.000000;1.000000;0.244083;1.000000;1.000000;1.000000;0.347773;1.000000;1.000000;1.000000;0.153936;1.000000;1.000000;0.000000;1.000000;1.000000;1.000000;8.180040;6.475433;7.065613;6.198479;7.391415;7.507141;7.655864;7.057898;7.820841;6
3.812203;3.006416;0.000000;1.000000;0.000000;1.000000;0.000000;1.000000;0.000000;0.000000;0.000000;1.000000;0.000000;0.000000;0.000000;1.000000;0.000000;0.000000;0.000000;1.000000;0.000000;0.000000;7.417581;5.905362;6.541030;5.429346;5.652489;6.976348;6.380123;6.421622;6.944087;3
3.812203;2.806960;0.000000;1.000000;0.000000;1.000000;1.000000;0.457277;1.000000;1.000000;0.000000;1.000000;1.000000;1.000000;0.000000;1.000000;1.000000;1.000000;0.000000;1.000000;1.000000;1.000000;7.984122;6.418365;7.417581;5.717028;5.703783;7.730614;6.434546;6.865891;7.584265;6
3.812203;3.369949;0.000000;1.000000;0.000000;1.000000;1.000000;0.297971;2.000000;2.000000;1.000000;0.336440;2.000000;2.000000;1.000000;0.185439;2.000000;2.000000;0.000000;1.000000;2.000000;2.000000;9.426983;8.029758;8.180040;7.584773;7.984122;8.920122;8.497602;8.608313;8.841014;9
3.812203;3.465365;1.000000;1.000000;0.000000;1.000000;1.000000;0.217726;3.000000;3.000000;1.000000;0.248130;3.000000;3.000000;1.000000;0.300135;3.000000;3.000000;0.000000;1.000000;3.000000;3.000000;10.895220;9.379577;9.518266;9.669346;9.426983;10.145885;10.249521;10.221177;10.181005;12
3.812203;3.475080;0.000000;1.000000;0.000000;1.000000;1.000000;0.552551;0.000000;0.000000;0.000000;1.000000;0.000000;0.000000;0.000000;1.000000;0.000000;0.000000;0.000000;1.000000;0.000000;0.000000;6.869014;5.991465;5.068904;5.455321;5.105946;6.326149;5.986452;6.452049;5.793014;3
3.812203;3.723243;1.000000;1.000000;0.000000;1.000000;1.000000;0.286554;0.000000;0.000000;1.000000;0.155051;0.000000;0.000000;1.000000;0.205331;0.000000;0.000000;0.000000;1.000000;0.000000;0.000000;6.056784;5.257495;3.828641;4.718499;3.583519;5.501258;5.209486;5.765191;4.644391;3
3.812203;3.036474;0.000000;1.000000;0.000000;1.000000;0.000000;1.000000;0.000000;0.000000;0.000000;1.000000;0.000000;0.000000;0.000000;1.000000;0.000000;0.000000;0.000000;1.000000;0.000000;0.000000;6.249975;5.198497;4.983607;4.369448;4.343805;5.793014;5.117994;5.680172;5.407172;3
3.812203;2.653163;0.000000;1.000000;0.000000;1.000000;0.000000;1.000000;0.000000;0.000000;0.000000;1.000000;0.000000;0.000000;0.000000;1.000000;0.000000;0.000000;0.000000;1.000000;0.000000;0.000000;6.523562;4.969813;5.198497;4.290460;5.313206;5.828946;5.627621;5.407172;6.126869;3
3.812203;2.716920;0.000000;1.000000;0.000000;1.000000;1.000000;0.508937;1.000000;1.000000;0.000000;1.000000;1.000000;1.000000;0.000000;1.000000;1.000000;1.000000;0.000000;1.000000;1.000000;1.000000;7.725771;6.248043;6.523562;5.993961;6.447306;7.087574;6.961296;6.851185;7.178545;6
3.812203;3.280936;1.000000;1.000000;0.000000;1.000000;1.000000;0.286688;2.000000;2.000000;1.000000;0.288137;2.000000;2.000000;1.000000;0.241523;2.000000;2.000000;0.000000;1.000000;2.000000;2.000000;9.245900;8.046550;7.852050;7.784057;7.725771;8.646993;8.448915;8.617220;8.483843;9
3.812203;2.857929;0.000000;1.000000;0.000000;1.000000;0.000000;1.000000;0.000000;0.000000;0.000000;1.000000;0.000000;0.000000;0.000000;1.000000;0.000000;0.000000;0.000000;1.000000;0.000000;0.000000;6.639876;3.367296;5.129899;4.969813;5.777652;5.308268;6.165418;5.231109;6.361302;3
3.812203;3.014867;0.000000;1.000000;0.000000;1.000000;0.000000;1.000000;0.000000;0.000000;0.000000;1.000000;0.000000;0.000000;0.000000;1.000000;0.000000;0.000000;0.000000;1.000000;0.000000;0.000000;6.445720;4.672829;4.969813;5.556828;4.709530;5.533390;5.934894;5.899898;5.541264;3
3.812203;2.652420;0.000000;1.000000;0.000000;1.000000;1.000000;0.356447;1.000000;1.000000;0.000000;1.000000;1.000000;1.000000;0.000000;1.000000;1.000000;1.000000;0.000000;1.000000;1.000000;1.000000;7.772753;5.424950;6.445720;5.411646;7.081708;6.839477;7.254885;6.107023;7.534228;6
3.812203;3.162102;1.000000;1.000000;0.000000;1.000000;1.000000;0.316605;2.000000;2.000000;1.000000;0.254350;2.000000;2.000000;1.000000;0.231642;2.000000;2.000000;0.000000;1.000000;2.000000;2.000000;9.171599;7.919720;7.669028;7.606884;7.772753;8.562549;8.387085;8.475537;8.415160;9
3.812203;3.237556;0.000000;1.000000;0.000000;1.000000;1.000000;0.392604;0.000000;0.000000;0.000000;1.000000;0.000000;0.000000;0.000000;1.000000;0.000000;0.000000;0.000000;1.000000;0.000000;0.000000;6.942157;5.017280;6.111467;5.662961;4.418840;6.475433;5.953243;6.084499;6.289716;3
3.812203;2.318149;0.000000;1.000000;0.000000;1.000000;0.000000;1.000000;1.000000;1.000000;0.000000;1.000000;1.000000;1.000000;0.000000;1.000000;1.000000;1.000000;0.000000;1.000000;1.000000;1.000000;7.859413;6.942157;4.770685;6.838405;6.186209;7.050123;7.269617;7.590852;6.408529;6
3.812203;2.409441;0.000000;1.000000;0.000000;1.000000;1.000000;0.549382;2.000000;2.000000;1.000000;0.129550;2.000000;2.000000;0.000000;1.000000;2.000000;2.000000;0.000000;1.000000;2.000000;2.000000;8.439232;7.342132;5.480639;7.859413;5.525453;7.486053;7.952615;8.326517;6.198479;9
3.812203;2.949006;0.000000;1.000000;0.000000;1.000000;1.000000;0.351645;3.000000;3.000000;1.000000;0.185078;3.000000;3.000000;1.000000;0.310449;3.000000;3.000000;0.000000;1.000000;3.000000;3.000000;10.278356;9.245900;8.364275;9.171599;8.439232;9.592401;9.571226;9.902838;9.110299;12
3.812203;0.697278;0.000000;1.000000;1.000000;3.014055;0.000000;1.000000;1.000000;1.000000;0.000000;1.000000;1.000000;1.000000;0.000000;1.000000;1.000000;1.000000;0.000000;1.000000;1.000000;1.000000;6.386879;4.510859;5.209486;5.176150;4.718499;5.666427;5.717028;5.587249;5.686975;6
3.812203;1.946057;0.000000;1.000000;0.000000;1.000000;1.000000;0.316462;2.000000;2.000000;1.000000;0.481148;2.000000;2.000000;0.000000;1.000000;2.000000;2.000000;0.000000;1.000000;2.000000;2.000000;7.974877;6.265301;6.735780;6.386879;6.817831;7.220374;7.321850;7.023759;7.486053;9
3.812203;2.188156;1.000000;1.000000;0.000000;1.000000;1.000000;0.216837;3.000000;3.000000;1.000000;0.180642;3.000000;3.000000;1.000000;0.383735;3.000000;3.000000;0.000000;1.000000;3.000000;3.000000;9.376617;7.758760;7.441907;8.410275;7.974877;8.312381;8.951829;8.838262;8.443546;12
3.812203;1.471233;0.000000;1.000000;1.000000;1.000000;1.000000;0.435732;3.000000;3.000000;0.000000;1.000000;3.000000;3.000000;1.000000;0.515160;3.000000;3.000000;0.000000;1.000000;3.000000;3.000000;8.641533;7.627544;0.000000;7.724447;0.000000;7.950502;7.945910;8.371011;0.000000;12
3.812203;2.244879;0.000000;1.000000;1.000000;1.380514;0.000000;1.000000;0.000000;0.000000;0.000000;1.000000;0.000000;0.000000;0.000000;1.000000;0.000000;0.000000;0.000000;1.000000;0.000000;0.000000;4.454347;2.079442;1.945910;3.367296;3.295837;2.833213;4.219508;3.688879;3.496508;3
3.812203;1.816261;0.000000;1.000000;0.000000;1.000000;0.000000;1.000000;1.000000;1.000000;0.000000;1.000000;1.000000;1.000000;0.000000;1.000000;1.000000;1.000000;0.000000;1.000000;1.000000;1.000000;6.018593;4.454347;4.248495;4.753590;4.634729;5.036952;5.389072;5.416101;5.231109;6
3.812203;1.514801;0.000000;1.000000;0.000000;1.000000;1.000000;0.423999;2.000000;2.000000;0.000000;1.000000;2.000000;2.000000;0.000000;1.000000;2.000000;2.000000;0.000000;1.000000;2.000000;2.000000;7.368340;5.733341;6.018593;5.564520;6.208590;6.646390;6.693324;6.350886;6.815640;9
3.812203;2.218762;1.000000;1.000000;0.000000;1.000000;1.000000;0.496880;3.000000;3.000000;1.000000;0.252082;3.000000;3.000000;1.000000;0.114461;3.000000;3.000000;0.000000;1.000000;3.000000;3.000000;9.294406;8.591372;7.887208;7.085064;7.368340;8.996281;7.935229;8.792702;8.354674;12
3.812203;2.684532;0.000000;1.000000;0.000000;1.000000;0.000000;1.000000;0.000000;0.000000;0.000000;1.000000;0.000000;0.000000;0.000000;1.000000;0.000000;0.000000;0.000000;1.000000;0.000000;0.000000;4.941642;3.931826;2.944439;3.663562;3.218876;4.234107;4.189655;4.499810;3.891820;3
3.812203;2.008461;0.000000;1.000000;0.000000;1.000000;0.000000;1.000000;1.000000;1.000000;0.000000;1.000000;1.000000;1.000000;0.000000;1.000000;1.000000;1.000000;0.000000;1.000000;1.000000;1.000000;6.297109;4.941642;4.812184;4.762174;4.927254;5.645447;5.560682;5.545177;5.572154;6
3.812203;1.151827;0.000000;1.000000;0.000000;1.000000;0.000000;1.000000;2.000000;2.000000;0.000000;1.000000;2.000000;2.000000;0.000000;1.000000;2.000000;2.000000;0.000000;1.000000;2.000000;2.000000;7.509335;6.297109;5.652489;6.208590;6.113682;6.716595;6.879356;6.985642;6.601230;9
3.812203;1.092105;0.000000;1.000000;0.000000;1.000000;1.000000;0.690622;3.000000;3.000000;0.000000;1.000000;3.000000;3.000000;0.000000;1.000000;3.000000;3.000000;0.000000;1.000000;3.000000;3.000000;8.861492;7.496098;0.000000;7.509335;0.000000;7.864804;8.374016;8.202756;0.000000;12
3.812203;0.855962;0.000000;1.000000;1.000000;2.245065;0.000000;1.000000;1.000000;1.000000;0.000000;1.000000;1.000000;1.000000;0.000000;1.000000;1.000000;1.000000;0.000000;1.000000;1.000000;1.000000;6.440947;5.342334;4.820282;4.948760;4.852030;5.817111;5.669881;5.852202;5.545177;6
3.812203;1.618536;0.000000;1.000000;0.000000;1.000000;1.000000;0.729305;2.000000;2.000000;0.000000;1.000000;2.000000;2.000000;0.000000;1.000000;2.000000;2.000000;0.000000;1.000000;2.000000;2.000000;7.839526;7.021976;6.440947;5.937536;5.869297;7.469654;6.654152;7.323831;6.886532;9
3.812203;1.972505;1.000000;1.000000;0.000000;1.000000;1.000000;0.258345;3.000000;3.000000;1.000000;0.312016;3.000000;3.000000;1.000000;0.228679;3.000000;3.000000;0.000000;1.000000;3.000000;3.000000;9.257796;7.856707;7.999343;7.739359;7.839526;8.632128;8.487146;8.493310;8.630879;12
3.812203;2.277269;0.000000;1.000000;1.000000;1.331487;0.000000;1.000000;0.000000;0.000000;0.000000;1.000000;0.000000;0.000000;0.000000;1.000000;0.000000;0.000000;0.000000;1.000000;0.000000;0.000000;6.523562;3.465736;3.610918;4.948760;5.958425;4.219508;6.405229;5.181784;6.148468;3
3.812203;1.828816;0.000000;1.000000;0.000000;1.000000;0.000000;1.000000;1.000000;1.000000;0.000000;1.000000;1.000000;1.000000;0.000000;1.000000;1.000000;1.000000;0.000000;1.000000;1.000000;1.000000;7.888334;6.523562;6.969790;5.948035;6.276643;7.463937;6.817831;6.971669;7.378384;6
3.812203;2.652521;0.000000;1.000000;0.000000;1.000000;1.000000;0.214075;2.000000;2.000000;1.000000;0.161507;2.000000;2.000000;1.000000;0.436785;2.000000;2.000000;0.000000;1.000000;2.000000;2.000000;8.804626;6.770790;6.511745;7.796469;7.888334;7.343426;8.536799;8.109526;8.113726;9
3.812203;2.347210;1.000000;1.000000;0.000000;1.000000;1.000000;0.216383;3.000000;3.000000;1.000000;0.224076;3.000000;3.000000;1.000000;0.186280;3.000000;3.000000;0.000000;1.000000;3.000000;3.000000;9.682653;8.123558;8.038835;7.957877;8.804626;8.776784;9.162620;8.744328;9.186355;12
3.812203;0.633799;0.000000;1.000000;1.000000;3.434844;0.000000;1.000000;1.000000;1.000000;0.000000;1.000000;1.000000;1.000000;0.000000;1.000000;1.000000;1.000000;0.000000;1.000000;1.000000;1.000000;6.091310;4.976734;4.356709;4.304065;4.634729;5.509388;5.273000;5.517453;5.273000;6
3.812203;1.694539;0.000000;1.000000;0.000000;1.000000;1.000000;0.250365;2.000000;2.000000;1.000000;0.483291;2.000000;2.000000;0.000000;1.000000;2.000000;2.000000;0.000000;1.000000;2.000000;2.000000;7.896553;5.533390;6.538140;6.091310;7.163947;6.850126;7.457032;6.555357;7.594381;9
3.812203;1.951571;1.000000;1.000000;0.000000;1.000000;1.000000;0.267141;3.000000;3.000000;1.000000;0.168287;3.000000;3.000000;1.000000;0.342165;3.000000;3.000000;0.000000;1.000000;3.000000;3.000000;9.255601;7.922986;7.313221;8.126814;7.896553;8.370085;8.718336;8.724370;8.369389;12
3.812203;0.505889;0.000000;1.000000;1.000000;4.615332;0.000000;1.000000;1.000000;1.000000;0.000000;1.000000;1.000000;1.000000;0.000000;1.000000;1.000000;1.000000;0.000000;1.000000;1.000000;1.000000;6.975414;5.899898;4.234107;6.086775;4.736198;6.173786;6.380123;6.689599;5.209486;6
3.812203;3.030515;1.000000;1.000000;0.000000;1.000000;1.000000;0.388554;2.000000;2.000000;1.000000;0.300748;2.000000;2.000000;1.000000;0.243070;2.000000;2.000000;0.000000;1.000000;2.000000;2.000000;9.068546;8.065579;7.843064;7.521859;6.975414;8.653820;7.988543;8.524566;8.193953;9
3.812203;2.524862;0.000000;1.000000;1.000000;1.014045;0.000000;1.000000;0.000000;0.000000;0.000000;1.000000;0.000000;0.000000;0.000000;1.000000;0.000000;0.000000;0.000000;1.000000;0.000000;0.000000;6.224558;4.330733;4.369448;4.595120;5.451038;5.068904;5.802118;5.164786;5.796058;3
3.812203;2.419887;0.000000;1.000000;0.000000;1.000000;1.000000;0.364242;1.000000;1.000000;0.000000;1.000000;1.000000;1.000000;0.000000;1.000000;1.000000;1.000000;0.000000;1.000000;1.000000;1.000000;6.998509;4.983607;6.224558;4.890349;5.652489;6.480044;6.093570;5.648974;6.670766;6
3.812203;1.851599;0.000000;1.000000;0.000000;1.000000;1.000000;0.382143;2.000000;2.000000;0.000000;1.000000;2.000000;2.000000;0.000000;1.000000;2.000000;2.000000;0.000000;1.000000;2.000000;2.000000;8.416267;6.563856;6.998509;6.329721;7.466799;7.506042;7.767687;7.186901;8.068716;9
3.812203;2.572318;0.000000;1.000000;0.000000;1.000000;1.000000;0.404014;3.000000;3.000000;1.000000;0.148897;3.000000;3.000000;1.000000;0.316903;3.000000;3.000000;0.000000;1.000000;3.000000;3.000000;10.049880;9.068546;8.043984;8.825119;8.416267;9.376533;9.336620;9.648853;8.942461;12
3.812203;4.010759;1.000000;1.000000;0.000000;1.000000;1.000000;0.266967;0.000000;0.000000;1.000000;0.247936;0.000000;0.000000;1.000000;0.231789;0.000000;0.000000;0.000000;1.000000;0.000000;0.000000;6.968851;5.752573;5.062595;5.379897;5.313206;6.315358;6.054440;6.295266;6.118097;3
3.812203;3.889447;0.000000;1.000000;0.000000;1.000000;1.000000;0.285803;0.000000;0.000000;0.000000;1.000000;0.000000;0.000000;0.000000;1.000000;0.000000;0.000000;0.000000;1.000000;0.000000;0.000000;7.545918;5.579730;6.555357;6.259582;5.796058;6.931472;6.751101;6.705639;6.938284;3
3.812203;3.652968;1.000000;1.000000;0.000000;1.000000;1.000000;0.096232;1.000000;1.000000;1.000000;0.344393;1.000000;1.000000;1.000000;0.112028;1.000000;1.000000;0.000000;1.000000;1.000000;1.000000;8.082711;4.574711;6.968851;5.170484;7.545918;7.056175;7.639642;5.620401;7.993620;6
3.812203;3.642945;0.000000;1.000000;0.000000;1.000000;1.000000;0.409003;0.000000;0.000000;0.000000;1.000000;0.000000;0.000000;0.000000;1.000000;0.000000;0.000000;0.000000;1.000000;0.000000;0.000000;6.967909;5.831882;5.484797;4.653960;5.916202;6.369901;6.169611;6.098074;6.426488;3
3.812203;2.590770;0.000000;1.000000;0.000000;1.000000;0.000000;1.000000;1.000000;1.000000;0.000000;1.000000;1.000000;1.000000;0.000000;1.000000;1.000000;1.000000;0.000000;1.000000;1.000000;1.000000;7.710205;6.967909;4.304065;6.428105;5.411646;7.045776;6.986567;7.561121;5.713733;6
3.812203;3.165922;1.000000;1.000000;0.000000;1.000000;1.000000;0.404724;2.000000;2.000000;1.000000;0.132188;2.000000;2.000000;1.000000;0.275809;2.000000;2.000000;0.000000;1.000000;2.000000;2.000000;9.079662;8.082711;6.989335;7.689829;7.710205;8.371473;8.393442;8.600615;8.114025;9
3.812203;2.384403;0.000000;1.000000;1.000000;1.182484;0.000000;1.000000;0.000000;0.000000;0.000000;1.000000;0.000000;0.000000;0.000000;1.000000;0.000000;0.000000;0.000000;1.000000;0.000000;0.000000;6.978214;5.726848;4.488636;6.052089;5.129899;5.998937;6.401917;6.695799;5.579730;3
3.812203;3.598253;1.000000;1.000000;0.000000;1.000000;1.000000;0.154343;1.000000;1.000000;1.000000;0.262293;1.000000;1.000000;1.000000;0.377718;1.000000;1.000000;0.000000;1.000000;1.000000;1.000000;8.031711;5.726848;6.738153;6.848005;6.978214;7.050123;7.596392;7.130899;7.557995;6
3.812203;3.317016;0.000000;1.000000;0.000000;1.000000;1.000000;0.231550;0.000000;0.000000;1.000000;0.230374;0.000000;0.000000;0.000000;1.000000;0.000000;0.000000;0.000000;1.000000;0.000000;0.000000;6.234411;3.433987;3.912023;5.361292;5.267858;4.510859;6.035481;5.572154;5.517453;3
3.812203;2.928493;0.000000;1.000000;0.000000;1.000000;1.000000;0.418892;1.000000;1.000000;0.000000;1.000000;1.000000;1.000000;0.000000;1.000000;1.000000;1.000000;0.000000;1.000000;1.000000;1.000000;7.948739;6.359574;6.234411;6.519147;6.622736;6.997596;7.315884;7.153834;7.189922;6
3.812203;3.289729;1.000000;1.000000;0.000000;1.000000;1.000000;0.211906;2.000000;2.000000;1.000000;0.235720;2.000000;2.000000;1.000000;0.335887;2.000000;2.000000;0.000000;1.000000;2.000000;2.000000;9.294406;7.734559;7.654443;8.031711;7.948739;8.411833;8.746398;8.602086;8.465899;9
3.812203;0.098778;0.000000;1.000000;1.000000;112.217667;0.000000;1.000000;0.000000;0.000000;0.000000;1.000000;0.000000;0.000000;0.000000;1.000000;0.000000;0.000000;0.000000;1.000000;0.000000;0.000000;6.056784;4.691348;4.709530;3.367296;5.003946;5.424950;5.303305;5.023880;5.613128;3
3.812203;2.253044;0.000000;1.000000;1.000000;1.367969;0.000000;1.000000;0.000000;0.000000;0.000000;1.000000;0.000000;0.000000;0.000000;1.000000;0.000000;0.000000;0.000000;1.000000;0.000000;0.000000;5.739793;4.356709;3.496508;4.510859;3.912023;4.753590;5.159055;5.262690;4.442651;3
3.812203;1.819402;0.000000;1.000000;0.000000;1.000000;0.000000;1.000000;1.000000;1.000000;0.000000;1.000000;1.000000;1.000000;0.000000;1.000000;1.000000;1.000000;0.000000;1.000000;1.000000;1.000000;7.044905;5.739793;5.942800;4.897840;5.463832;6.590301;5.910797;6.244167;6.426488;6
3.812203;3.115755;1.000000;1.000000;0.000000;1.000000;1.000000;0.205827;2.000000;2.000000;1.000000;0.352829;2.000000;2.000000;1.000000;0.327181;2.000000;2.000000;0.000000;1.000000;2.000000;2.000000;9.111293;7.469654;7.953670;8.058960;7.044905;8.454892;8.379768;8.501471;8.291797;9
3.812203;3.464196;0.000000;1.000000;0.000000;1.000000;1.000000;0.497697;0.000000;0.000000;0.000000;1.000000;0.000000;0.000000;0.000000;1.000000;0.000000;0.000000;0.000000;1.000000;0.000000;0.000000;6.996682;5.802118;5.370638;5.337538;5.720312;6.308098;6.246107;6.349139;6.257668;3
3.812203;3.382932;0.000000;1.000000;0.000000;1.000000;1.000000;0.336860;1.000000;1.000000;1.000000;0.242145;1.000000;1.000000;0.000000;1.000000;1.000000;1.000000;0.000000;1.000000;1.000000;1.000000;7.834788;6.522093;6.269096;6.996682;5.267858;7.106606;7.170888;7.482119;6.586172;6
3.812203;2.945508;0.000000;1.000000;0.000000;1.000000;1.000000;0.335782;2.000000;2.000000;1.000000;0.216017;2.000000;2.000000;0.000000;1.000000;2.000000;2.000000;0.000000;1.000000;2.000000;2.000000;8.960211;7.714677;7.185387;7.834788;7.342779;8.178638;8.393442;8.470311;8.087026;9
3.812203;3.141632;1.000000;1.000000;0.000000;1.000000;1.000000;0.254620;3.000000;3.000000;1.000000;0.289904;3.000000;3.000000;1.000000;0.241520;3.000000;3.000000;0.000000;1.000000;3.000000;3.000000;10.519052;9.079662;9.294406;9.111293;8.960211;9.897972;9.748295;9.790263;9.834298;12
3.812203;3.277478;0.000000;1.000000;0.000000;1.000000;1.000000;0.510769;0.000000;0.000000;0.000000;1.000000;0.000000;0.000000;0.000000;1.000000;0.000000;0.000000;0.000000;1.000000;0.000000;0.000000;7.470224;5.525453;6.434546;5.733341;6.173786;6.794587;6.760415;6.388561;7.049255;3
3.812203;3.808465;1.000000;1.000000;0.000000;1.000000;1.000000;0.132747;1.000000;1.000000;1.000000;0.445735;1.000000;1.000000;1.000000;0.166952;1.000000;1.000000;0.000000;1.000000;1.000000;1.000000;8.426393;5.831882;7.536364;6.304449;7.470224;7.720018;7.741099;6.828712;8.196712;6
3.812203;3.545959;0.000000;1.000000;0.000000;1.000000;1.000000;0.310832;0.000000;0.000000;0.000000;1.000000;0.000000;0.000000;0.000000;1.000000;0.000000;0.000000;0.000000;1.000000;0.000000;0.000000;6.793466;5.153292;5.049856;5.560682;5.393628;6.013715;6.169611;6.152733;5.945421;3
3.812203;2.522301;0.000000;1.000000;0.000000;1.000000;0.000000;1.000000;1.000000;1.000000;0.000000;1.000000;1.000000;1.000000;0.000000;1.000000;1.000000;1.000000;0.000000;1.000000;1.000000;1.000000;7.712891;6.793466;5.342334;6.758094;5.497168;7.020191;7.016610;7.470794;6.113682;6
3.812203;3.029702;1.000000;1.000000;0.000000;1.000000;1.000000;0.114271;2.000000;2.000000;1.000000;0.549212;2.000000;2.000000;1.000000;0.131728;2.000000;2.000000;0.000000;1.000000;2.000000;2.000000;9.050172;6.559615;8.426393;6.843750;7.712891;8.569976;8.067776;7.412160;8.833025;9
3.812203;3.747689;0.000000;1.000000;0.000000;1.000000;1.000000;0.268520;0.000000;0.000000;1.000000;0.370365;0.000000;0.000000;0.000000;1.000000;0.000000;0.000000;0.000000;1.000000;0.000000;0.000000;6.842683;5.105946;5.831882;5.342334;5.075174;6.246107;5.913503;6.018593;6.248043;3
3.812203;2.666862;0.000000;1.000000;0.000000;1.000000;0.000000;1.000000;1.000000;1.000000;0.000000;1.000000;1.000000;1.000000;0.000000;1.000000;1.000000;1.000000;0.000000;1.000000;1.000000;1.000000;7.783640;6.842683;6.293419;6.240276;5.866468;7.299798;6.825460;7.288928;6.797940;6
3.812203;3.079868;1.000000;1.000000;0.000000;1.000000;1.000000;0.157437;2.000000;2.000000;1.000000;0.326444;2.000000;2.000000;1.000000;0.298495;2.000000;2.000000;0.000000;1.000000;2.000000;2.000000;9.115260;7.118016;7.939872;7.871693;7.783640;8.310661;8.521981;8.259975;8.557759;9
3.812203;3.211753;0.000000;1.000000;0.000000;1.000000;1.000000;0.338350;0.000000;0.000000;0.000000;1.000000;0.000000;0.000000;0.000000;1.000000;0.000000;0.000000;0.000000;1.000000;0.000000;0.000000;6.236370;3.583519;4.882802;3.526361;5.068904;5.765191;5.262690;4.595120;5.793014;3
3.812203;0.395531;0.000000;1.000000;1.000000;6.263765;0.000000;1.000000;1.000000;1.000000;0.000000;1.000000;1.000000;1.000000;0.000000;1.000000;1.000000;1.000000;0.000000;1.000000;1.000000;1.000000;7.571989;6.293419;6.246107;5.945421;6.152733;6.993933;6.746412;6.827629;6.910751;6
3.812203;2.887590;0.000000;1.000000;0.000000;1.000000;1.000000;0.277938;2.000000;2.000000;1.000000;0.171467;2.000000;2.000000;1.000000;0.474518;2.000000;2.000000;0.000000;1.000000;2.000000;2.000000;9.070963;7.581720;6.954639;8.224700;7.571989;8.013674;8.644354;8.647870;8.007034;9
3.812203;2.962344;1.000000;1.000000;0.000000;1.000000;1.000000;0.266191;3.000000;3.000000;1.000000;0.209439;3.000000;3.000000;1.000000;0.280698;3.000000;3.000000;0.000000;1.000000;3.000000;3.000000;10.391147;9.050172;8.740336;9.115260;9.070963;9.600353;9.786448;9.776506;9.612935;12
3.812203;1.712010;0.000000;1.000000;1.000000;2.566148;0.000000;1.000000;0.000000;0.000000;0.000000;1.000000;0.000000;0.000000;0.000000;1.000000;0.000000;0.000000;0.000000;1.000000;0.000000;0.000000;6.975414;5.442418;5.549076;4.905275;5.545177;5.988961;6.104793;6.137727;6.395262;3
3.812203;3.488520;1.000000;1.000000;0.000000;1.000000;1.000000;0.225486;1.000000;1.000000;1.000000;0.407398;1.000000;1.000000;1.000000;0.178715;1.000000;1.000000;0.000000;1.000000;1.000000;1.000000;7.997663;5.874931;7.057037;5.583496;6.975414;7.336286;7.257003;6.584791;7.600903;6
3.812203;4.093323;1.000000;1.000000;0.000000;1.000000;1.000000;0.297943;0.000000;0.000000;1.000000;0.228485;0.000000;0.000000;1.000000;0.253405;0.000000;0.000000;0.000000;1.000000;0.000000;0.000000;7.153052;6.018593;5.398163;5.749393;5.472270;6.527958;6.375025;6.587550;6.142037;3
3.812203;2.256193;0.000000;1.000000;1.000000;1.363165;0.000000;1.000000;0.000000;0.000000;0.000000;1.000000;0.000000;0.000000;0.000000;1.000000;0.000000;0.000000;0.000000;1.000000;0.000000;0.000000;6.150603;3.367296;4.634729;3.970292;4.418840;5.726848;5.093750;4.644391;5.273000;3
3.812203;3.040245;0.000000;1.000000;0.000000;1.000000;1.000000;0.709827;1.000000;1.000000;0.000000;1.000000;1.000000;1.000000;0.000000;1.000000;1.000000;1.000000;0.000000;1.000000;1.000000;1.000000;7.997663;7.153052;6.150603;6.495265;5.877736;7.478170;7.090910;7.597898;6.849066;6
3.812203;3.134630;1.000000;1.000000;0.000000;1.000000;1.000000;0.351619;2.000000;2.000000;1.000000;0.135070;2.000000;2.000000;1.000000;0.233704;2.000000;2.000000;0.000000;1.000000;2.000000;2.000000;9.100303;7.997663;7.029973;7.380879;7.997663;8.322880;8.480322;8.421343;8.320205;9
3.812203;3.849555;0.000000;1.000000;0.000000;1.000000;1.000000;0.319440;0.000000;0.000000;1.000000;0.152220;0.000000;0.000000;0.000000;1.000000;0.000000;0.000000;0.000000;1.000000;0.000000;0.000000;6.669498;5.777652;4.094345;5.442418;3.583519;5.955837;5.978886;6.293419;4.553877;3
3.812203;2.742905;0.000000;1.000000;0.000000;1.000000;0.000000;1.000000;1.000000;1.000000;0.000000;1.000000;1.000000;1.000000;0.000000;1.000000;1.000000;1.000000;0.000000;1.000000;1.000000;1.000000;8.204672;6.669498;6.308098;7.074963;7.018402;7.200425;7.743270;7.585281;7.433075;6
3.812203;3.171555;0.000000;1.000000;0.000000;1.000000;1.000000;0.210241;2.000000;2.000000;1.000000;0.272653;2.000000;2.000000;1.000000;0.306937;2.000000;2.000000;0.000000;1.000000;2.000000;2.000000;9.270682;7.471932;7.759187;7.915713;8.204672;8.328692;8.770749;8.415604;8.702677;9
3.812203;2.780371;1.000000;1.000000;0.000000;1.000000;1.000000;0.123547;3.000000;3.000000;1.000000;0.360666;3.000000;3.000000;1.000000;0.122837;3.000000;3.000000;0.000000;1.000000;3.000000;3.000000;10.176640;8.085178;9.100303;8.120886;9.270682;9.410338;9.551089;8.796187;9.883336;12
3.812203;1.174156;0.000000;1.000000;1.000000;5.211802;0.000000;1.000000;0.000000;0.000000;0.000000;1.000000;0.000000;0.000000;0.000000;1.000000;0.000000;0.000000;0.000000;1.000000;0.000000;0.000000;6.208590;5.686975;4.418840;4.442651;3.218876;5.955837;4.691348;5.961005;4.672829;3
3.812203;1.525591;0.000000;1.000000;0.000000;1.000000;0.000000;1.000000;1.000000;1.000000;0.000000;1.000000;1.000000;1.000000;0.000000;1.000000;1.000000;1.000000;0.000000;1.000000;1.000000;1.000000;7.207860;6.208590;4.844187;6.298949;4.753590;6.523562;6.490724;6.948897;5.641907;6
3.812203;2.942363;1.000000;1.000000;0.000000;1.000000;1.000000;0.367456;2.000000;2.000000;1.000000;0.174651;2.000000;2.000000;1.000000;0.342771;2.000000;2.000000;0.000000;1.000000;2.000000;2.000000;8.934060;7.890957;7.070724;7.747165;7.207860;8.256088;8.213111;8.515191;7.859799;9
3.812203;2.712083;0.000000;1.000000;0.000000;1.000000;0.000000;1.000000;0.000000;0.000000;0.000000;1.000000;0.000000;0.000000;0.000000;1.000000;0.000000;0.000000;0.000000;1.000000;0.000000;0.000000;6.991177;5.730100;4.007333;3.218876;5.958425;6.186209;6.381816;6.304449;6.289716;3
3.812203;2.726121;0.000000;1.000000;0.000000;1.000000;1.000000;0.228248;1.000000;1.000000;1.000000;0.228248;1.000000;1.000000;0.000000;1.000000;1.000000;1.000000;0.000000;1.000000;1.000000;1.000000;7.563720;4.477337;4.663439;6.991177;6.396930;5.293305;7.430114;7.099202;6.573680;6
3.812203;2.417050;0.000000;1.000000;0.000000;1.000000;1.000000;0.154345;2.000000;2.000000;1.000000;0.402007;2.000000;2.000000;0.000000;1.000000;2.000000;2.000000;0.000000;1.000000;2.000000;2.000000;8.815964;6.167517;7.460490;7.563720;7.851661;7.703910;8.412277;7.788626;8.371011;9
3.812203;2.705231;0.000000;1.000000;0.000000;1.000000;1.000000;0.318832;3.000000;3.000000;1.000000;0.197162;3.000000;3.000000;1.000000;0.284444;3.000000;3.000000;0.000000;1.000000;3.000000;3.000000;10.189080;8.934060;8.538563;8.875566;8.815964;9.449279;9.540148;9.598388;9.380336;12
3.812203;2.129491;0.000000;1.000000;1.000000;1.572147;0.000000;1.000000;0.000000;0.000000;0.000000;1.000000;0.000000;0.000000;0.000000;1.000000;0.000000;0.000000;0.000000;1.000000;0.000000;0.000000;5.416101;3.555348;2.708050;3.806663;3.044523;4.890349;4.510859;4.382027;3.784190;3
3.812203;1.773536;0.000000;1.000000;0.000000;1.000000;0.000000;1.000000;1.000000;1.000000;0.000000;1.000000;1.000000;1.000000;0.000000;1.000000;1.000000;1.000000;0.000000;1.000000;1.000000;1.000000;6.701961;5.416101;4.727388;5.433722;4.927254;6.033086;5.905362;6.255750;5.521461;6
3.812203;1.534384;0.000000;1.000000;0.000000;1.000000;1.000000;0.455909;2.000000;2.000000;0.000000;1.000000;2.000000;2.000000;0.000000;1.000000;2.000000;2.000000;0.000000;1.000000;2.000000;2.000000;7.739794;6.214608;6.701961;6.135565;6.234411;7.185387;6.886532;6.867974;7.187657;9
3.812203;2.089719;1.000000;1.000000;0.000000;1.000000;1.000000;0.225521;3.000000;3.000000;1.000000;0.219937;3.000000;3.000000;1.000000;0.393322;3.000000;3.000000;0.000000;1.000000;3.000000;3.000000;9.374668;7.740230;7.643483;8.532673;7.739794;8.385945;8.905987;8.907071;8.390041;12
3.812203;1.335060;0.000000;1.000000;1.000000;1.000000;1.000000;0.533969;3.000000;3.000000;0.000000;1.000000;3.000000;3.000000;1.000000;0.407200;3.000000;3.000000;0.000000;1.000000;3.000000;3.000000;8.821437;7.628518;0.000000;7.446002;0.000000;8.213923;8.029433;8.234300;0.000000;12
3.812203;3.708447;1.000000;1.000000;0.000000;1.000000;1.000000;0.231316;0.000000;0.000000;1.000000;0.234457;0.000000;0.000000;1.000000;0.162989;0.000000;0.000000;0.000000;1.000000;0.000000;0.000000;6.445720;4.859812;4.844187;4.204693;5.587249;5.541264;5.837730;5.298317;6.056784;3
3.812203;3.089486;0.000000;1.000000;0.000000;1.000000;0.000000;1.000000;0.000000;0.000000;0.000000;1.000000;0.000000;0.000000;0.000000;1.000000;0.000000;0.000000;0.000000;1.000000;0.000000;0.000000;6.759255;5.484797;5.030438;5.666427;4.025352;5.645447;5.840641;6.278522;5.590987;3
3.812203;3.332618;0.000000;1.000000;0.000000;1.000000;1.000000;0.345993;1.000000;1.000000;1.000000;0.302898;1.000000;1.000000;0.000000;1.000000;1.000000;1.000000;0.000000;1.000000;1.000000;1.000000;8.005701;6.445720;6.349139;6.759255;6.821107;7.107426;7.482682;7.312553;7.305860;6
3.812203;2.940411;0.000000;1.000000;0.000000;1.000000;1.000000;0.366498;2.000000;2.000000;1.000000;0.203044;2.000000;2.000000;0.000000;1.000000;2.000000;2.000000;0.000000;1.000000;2.000000;2.000000;9.012256;7.857868;7.258412;8.005701;7.059618;8.295299;8.339500;8.632484;7.856707;9
3.812203;2.620657;1.000000;1.000000;0.000000;1.000000;1.000000;0.154868;3.000000;3.000000;1.000000;0.306010;3.000000;3.000000;1.000000;0.169311;3.000000;3.000000;0.000000;1.000000;3.000000;3.000000;10.005728;8.144098;8.820552;8.216088;9.012256;9.234252;9.384966;8.874448;9.616072;12
3.812203;2.215310;0.000000;1.000000;1.000000;1.427018;0.000000;1.000000;0.000000;0.000000;0.000000;1.000000;0.000000;0.000000;0.000000;1.000000;0.000000;0.000000;0.000000;1.000000;0.000000;0.000000;4.174387;3.258096;2.564949;2.564949;2.564949;3.637586;3.218876;3.688879;3.258096;3
3.812203;1.805016;0.000000;1.000000;0.000000;1.000000;0.000000;1.000000;1.000000;1.000000;0.000000;1.000000;1.000000;1.000000;0.000000;1.000000;1.000000;1.000000;0.000000;1.000000;1.000000;1.000000;5.826000;4.174387;4.564348;4.262680;4.454347;5.087596;5.049856;4.941642;5.298317;6
3.812203;1.037100;0.000000;1.000000;0.000000;1.000000;0.000000;1.000000;2.000000;2.000000;0.000000;1.000000;2.000000;2.000000;0.000000;1.000000;2.000000;2.000000;0.000000;1.000000;2.000000;2.000000;7.510430;5.826000;6.276643;6.016157;6.148468;6.786717;6.801283;6.642487;6.931472;9
3.812203;0.926305;0.000000;1.000000;0.000000;1.000000;1.000000;0.654463;3.000000;3.000000;0.000000;1.000000;3.000000;3.000000;0.000000;1.000000;3.000000;3.000000;0.000000;1.000000;3.000000;3.000000;9.088850;7.301148;0.000000;7.510430;0.000000;8.351375;8.374476;8.104704;0.000000;12
3.812203;2.539980;0.000000;1.000000;0.000000;1.000000;0.000000;1.000000;0.000000;0.000000;0.000000;1.000000;0.000000;0.000000;0.000000;1.000000;0.000000;0.000000;0.000000;1.000000;0.000000;0.000000;5.111988;3.295837;3.970292;2.639057;4.290460;4.382027;4.465908;3.688879;4.844187;3
3.812203;1.940015;0.000000;1.000000;0.000000;1.000000;0.000000;1.000000;1.000000;1.000000;0.000000;1.000000;1.000000;1.000000;0.000000;1.000000;1.000000;1.000000;0.000000;1.000000;1.000000;1.000000;7.381502;5.111988;6.274762;6.095825;6.042633;6.559615;6.766191;6.483108;6.859615;6
3.812203;2.382635;1.000000;1.000000;0.000000;1.000000;1.000000;0.123532;2.000000;2.000000;1.000000;0.466750;2.000000;2.000000;1.000000;0.139422;2.000000;2.000000;0.000000;1.000000;2.000000;2.000000;8.238801;5.726848;7.497762;5.739793;7.381502;7.658700;7.607878;6.439351;8.044626;9
3.812203;1.557920;0.000000;1.000000;1.000000;1.000000;1.000000;0.311571;3.000000;3.000000;1.000000;0.645088;3.000000;3.000000;0.000000;1.000000;3.000000;3.000000;0.000000;1.000000;3.000000;3.000000;9.476850;7.464510;8.238801;0.000000;0.000000;8.634265;0.000000;7.914252;9.231515;12
3.812203;1.925244;0.000000;1.000000;1.000000;1.000000;1.000000;0.615174;3.000000;3.000000;1.000000;0.366733;3.000000;3.000000;0.000000;1.000000;3.000000;3.000000;0.000000;1.000000;3.000000;3.000000;10.002110;8.768263;8.279951;0.000000;0.000000;9.248503;0.000000;9.472089;8.986696;12
3.812203;1.868460;0.000000;1.000000;1.000000;1.000000;1.000000;0.228922;3.000000;3.000000;1.000000;0.741419;3.000000;3.000000;0.000000;1.000000;3.000000;3.000000;0.000000;1.000000;3.000000;3.000000;9.629708;7.673223;8.798001;0.000000;0.000000;9.079434;0.000000;8.329417;9.303193;12
3.812203;1.265469;0.000000;1.000000;1.000000;4.578253;0.000000;1.000000;0.000000;0.000000;0.000000;1.000000;0.000000;0.000000;0.000000;1.000000;0.000000;0.000000;0.000000;1.000000;0.000000;0.000000;6.897705;5.680172;5.641907;5.697093;4.343805;6.385194;5.978886;6.381816;5.883322;3
3.812203;3.656893;1.000000;1.000000;0.000000;1.000000;1.000000;0.257604;1.000000;1.000000;1.000000;0.218273;1.000000;1.000000;1.000000;0.378908;1.000000;1.000000;0.000000;1.000000;1.000000;1.000000;8.218787;6.606650;6.458338;7.118016;6.897705;7.291656;7.715569;7.591862;7.396335;6
3.812203;3.852593;0.000000;1.000000;0.000000;1.000000;1.000000;0.339645;0.000000;0.000000;1.000000;0.189206;0.000000;0.000000;0.000000;1.000000;0.000000;0.000000;0.000000;1.000000;0.000000;0.000000;6.949856;5.680172;5.030438;5.616771;4.976734;6.159095;6.111467;6.609349;5.710427;3
3.812203;2.745203;0.000000;1.000000;0.000000;1.000000;0.000000;1.000000;1.000000;1.000000;0.000000;1.000000;1.000000;1.000000;0.000000;1.000000;1.000000;1.000000;0.000000;1.000000;1.000000;1.000000;7.841100;6.949856;5.780744;6.935370;4.867535;7.219642;7.063904;7.635304;6.152733;6
3.812203;3.329428;1.000000;1.000000;0.000000;1.000000;1.000000;0.255979;2.000000;2.000000;1.000000;0.342818;2.000000;2.000000;1.000000;0.222535;2.000000;2.000000;0.000000;1.000000;2.000000;2.000000;9.349581;7.949797;8.218787;7.736743;7.841100;8.794825;8.495561;8.541885;8.740657;9
3.812203;2.412562;0.000000;1.000000;1.000000;1.000000;1.000000;0.658363;3.000000;3.000000;1.000000;0.331209;3.000000;3.000000;0.000000;1.000000;3.000000;3.000000;0.000000;1.000000;3.000000;3.000000;10.506874;9.349581;8.706986;0.000000;0.000000;9.772468;0.000000;10.025749;9.539644;12
3.812203;0.852741;0.000000;1.000000;1.000000;8.655221;0.000000;1.000000;0.000000;0.000000;0.000000;1.000000;0.000000;0.000000;0.000000;1.000000;0.000000;0.000000;0.000000;1.000000;0.000000;0.000000;6.839477;5.572154;4.955827;5.583496;5.241747;6.018593;6.218600;6.324359;5.805135;3
3.812203;3.528197;1.000000;1.000000;0.000000;1.000000;1.000000;0.226989;1.000000;1.000000;1.000000;0.303312;1.000000;1.000000;1.000000;0.313000;1.000000;1.000000;0.000000;1.000000;1.000000;1.000000;8.111328;6.508769;6.642487;6.804615;6.839477;7.282761;7.524561;7.360104;7.473637;6
3.812203;3.130488;0.000000;1.000000;0.000000;1.000000;1.000000;0.290915;0.000000;0.000000;0.000000;1.000000;0.000000;0.000000;0.000000;1.000000;0.000000;0.000000;0.000000;1.000000;0.000000;0.000000;5.940171;4.488636;4.634729;4.442651;4.644391;5.262690;5.236442;5.153292;5.332719;3
3.812203;2.252375;0.000000;1.000000;0.000000;1.000000;0.000000;1.000000;1.000000;1.000000;0.000000;1.000000;1.000000;1.000000;0.000000;1.000000;1.000000;1.000000;0.000000;1.000000;1.000000;1.000000;7.488853;5.940171;5.808143;6.760415;5.278115;6.584791;6.967909;7.127694;6.269096;6
3.812203;3.054372;1.000000;1.000000;0.000000;1.000000;1.000000;0.122908;2.000000;2.000000;1.000000;0.398849;2.000000;2.000000;1.000000;0.315149;2.000000;2.000000;0.000000;1.000000;2.000000;2.000000;9.080232;6.869014;8.111328;7.891705;7.488853;8.366138;8.406038;8.205765;8.540714;9
3.812203;2.223881;0.000000;1.000000;1.000000;1.000000;1.000000;0.608022;3.000000;3.000000;1.000000;0.372267;3.000000;3.000000;0.000000;1.000000;3.000000;3.000000;0.000000;1.000000;3.000000;3.000000;10.390932;9.080232;8.530702;0.000000;0.000000;9.535824;0.000000;9.851721;9.502786;12
3.663562;1.530115;0.000000;1.000000;1.000000;1.000000;1.000000;0.315054;3.000000;3.000000;1.000000;0.651834;3.000000;3.000000;0.000000;1.000000;3.000000;3.000000;0.000000;1.000000;3.000000;3.000000;9.476850;7.464510;8.238801;0.000000;0.000000;8.634265;0.000000;7.914252;9.231515;12
3.663562;1.914024;0.000000;1.000000;1.000000;1.000000;1.000000;0.619105;3.000000;3.000000;1.000000;0.367375;3.000000;3.000000;0.000000;1.000000;3.000000;3.000000;0.000000;1.000000;3.000000;3.000000;10.002110;8.768263;8.279951;0.000000;0.000000;9.248503;0.000000;9.472089;8.986696;12
3.663562;1.854399;0.000000;1.000000;1.000000;1.000000;1.000000;0.228330;3.000000;3.000000;1.000000;0.749431;3.000000;3.000000;0.000000;1.000000;3.000000;3.000000;0.000000;1.000000;3.000000;3.000000;9.629708;7.673223;8.798001;0.000000;0.000000;9.079434;0.000000;8.329417;9.303193;12
3.663562;2.405765;0.000000;1.000000;1.000000;1.000000;1.000000;0.660929;3.000000;3.000000;1.000000;0.331323;3.000000;3.000000;0.000000;1.000000;3.000000;3.000000;0.000000;1.000000;3.000000;3.000000;10.506874;9.349581;8.706986;0.000000;0.000000;9.772468;0.000000;10.025749;9.539644;12
3.663562;2.214322;0.000000;1.000000;1.000000;1.000000;1.000000;0.611802;3.000000;3.000000;1.000000;0.373505;3.000000;3.000000;0.000000;1.000000;3.000000;3.000000;0.000000;1.000000;3.000000;3.000000;10.390932;9.080232;8.530702;0.000000;0.000000;9.535824;0.000000;9.851721;9.502786;12
