part_ctx ;pb_source_variance(get_unsigned_bits) ;rd_ratio(sub1) ;rd_ratio(sub2) ;rd_ratio(sub3) ;rd_ratio(sub4) ;rd_ratio(sub5) ;rd_ratio(sub6) ;rd_ratio(sub7) ;rd_ratio(sub8) ;var_ratio(horz4)(sub1) ;var_ratio(horz4)(sub2) ;var_ratio(horz4)(sub3) ;var_ratio(horz4)(sub4) ;var_ratio(vert4)(sub1) ;var_ratio(vert4)(sub2) ;var_ratio(vert4)(sub3) ;var_ratio(vert4)(sub4) ;frame_num ;mi_row ;mi_col ;bsize ;particionado_hor ;particionado_ver 
3.000000;11.000000;0.479152;0.543007;0.555299;0.493989;0.273940;0.201414;0.287080;0.249168;0.210526;0.430341;0.344427;0.244582;0.766254;0.934211;1.116099;1.167957;0;0;0;6;
0;0;0;6;0_hor;0_ver;
3.000000;10.000000;0.645434;0.396146;0.648667;0.402860;0.410401;0.217338;0.199120;0.168784;1.739247;1.303763;0.100000;0.100000;1.771505;0.978495;0.130376;0.100000;0;0;4;6;
0;0;4;6;0_hor;0_ver;
3.000000;8.000000;0.582047;0.443008;0.598653;0.403181;0.359836;0.206881;0.237656;0.191746;1.089109;1.287129;1.168317;0.247525;1.480198;1.504951;0.100000;0.100000;0;4;0;6;
0;4;0;6;0_hor;0_ver;
3.000000;5.000000;0.491600;0.536407;0.524737;0.492574;0.228455;0.261999;0.302364;0.233686;0.764706;0.882353;0.882353;1.294118;1.235294;0.588235;0.588235;1.235294;0;4;4;6;
0;4;4;6;1_hor;0_ver;
3.000000;11.000000;0.654188;0.454699;0.626785;0.454030;0.392848;0.268796;0.254383;0.172932;1.890696;0.439024;0.217706;0.129178;0.949413;1.215899;0.630533;0.100000;0;0;0;9;
0;0;0;9;0_hor;0_ver;
3.000000;8.000000;0.519977;0.539224;0.488766;0.545370;0.234943;0.270530;0.260307;0.255898;1.138889;0.993056;0.826389;1.041667;0.100000;0.152778;0.270833;0.159722;0;0;8;6;
0;0;8;6;0_hor;0_ver;
3.000000;8.000000;0.497106;0.517606;0.524555;0.487341;0.253603;0.240333;0.264350;0.238460;0.780303;0.181818;1.053030;1.742424;0.310606;0.598485;0.863636;0.590909;0;0;12;6;
0;0;12;6;0_hor;0_ver;
3.000000;7.000000;0.476145;0.531900;0.482769;0.549502;0.201866;0.270499;0.264389;0.260282;1.195402;0.712644;0.885057;1.149425;0.471264;0.620690;0.781609;0.873563;0;4;8;6;
0;4;8;6;0_hor;0_ver;
3.000000;8.000000;0.485583;0.544899;0.516793;0.499831;0.240834;0.237383;0.253847;0.269023;1.298507;0.544776;0.895522;1.089552;1.425373;0.626866;0.731343;0.604478;0;4;12;6;
0;4;12;6;0_hor;0_ver;
3.000000;8.000000;0.485941;0.563466;0.509690;0.522003;0.237484;0.243698;0.275752;0.272171;0.887218;1.263158;0.804511;1.000000;0.330827;0.593985;1.037594;0.879699;0;0;8;9;
0;0;8;9;0_hor;0_ver;
1.000000;6.000000;0.488041;0.508792;0.478844;0.546649;0.226780;0.252120;0.248495;0.279431;0.888889;1.000000;1.377778;0.488889;0.533333;0.644444;0.733333;2.111111;0;8;0;6;
0;8;0;6;0_hor;0_ver;
3.000000;7.000000;0.510123;0.502660;0.511294;0.515555;0.242630;0.261049;0.256092;0.254523;0.481481;1.098765;1.358025;0.851852;0.716049;1.049383;0.839506;0.814815;0;8;4;6;
0;8;4;6;1_hor;0_ver;
3.000000;6.000000;0.550586;0.505394;0.521032;0.536476;0.260586;0.258456;0.229362;0.269767;0.603774;0.943396;0.905660;0.811321;0.905660;0.547170;0.943396;1.188679;0;12;0;6;
0;12;0;6;0_hor;0_ver;
3.000000;7.000000;0.523121;0.501090;0.505490;0.537988;0.250615;0.263736;0.240945;0.247660;1.267606;1.056338;0.549296;0.859155;0.605634;1.070423;1.183099;0.577465;0;12;4;6;
0;12;4;6;0_hor;0_ver;
3.000000;7.000000;0.535143;0.522405;0.503103;0.548666;0.244673;0.277771;0.253788;0.269188;0.816901;1.126761;0.943662;0.704225;0.549296;1.056338;1.267606;0.929577;0;8;0;9;
0;8;0;9;0_hor;0_ver;
5.000000;7.000000;0.504739;0.504672;0.523011;0.489159;0.277039;0.239637;0.246454;0.243522;1.070707;0.747475;1.000000;0.707071;1.393939;0.808081;0.464646;1.252525;0;8;8;6;
0;8;8;6;0_hor;0_ver;
3.000000;7.000000;0.538708;0.491683;0.558688;0.480603;0.276775;0.244430;0.275168;0.201879;0.859813;1.000000;0.953271;0.420561;1.448598;0.626168;0.495327;1.299065;0;8;12;6;
0;8;12;6;0_hor;0_ver;
3.000000;7.000000;0.541673;0.489582;0.545850;0.481216;0.271828;0.251787;0.258354;0.214814;1.769231;0.784615;0.430769;0.615385;0.830769;0.676923;1.584615;0.646154;0;12;8;6;
0;12;8;6;0_hor;0_ver;
3.000000;5.000000;0.546014;0.494980;0.527647;0.478963;0.285881;0.235061;0.239044;0.240049;1.375000;0.375000;1.083333;1.083333;1.291667;1.208333;0.916667;0.458333;0;12;12;6;
0;12;12;6;0_hor;0_ver;
3.000000;7.000000;0.593123;0.465593;0.555205;0.503745;0.317591;0.294154;0.240891;0.214748;1.241379;1.103448;0.620690;0.379310;1.045977;1.034483;1.137931;0.758621;0;8;8;9;
0;8;8;9;0_hor;0_ver;
3.000000;9.000000;0.607729;1.000000;0.581035;1.000000;0.329320;0.272761;0.252263;0.246204;2.552163;0.412214;0.226463;0.137405;2.269720;0.620865;0.282443;0.325700;0;0;0;12;
5.000000;7.000000;0.504522;0.507726;0.511398;0.514538;0.247266;0.262736;0.258483;0.236873;0.606061;0.636364;0.272727;0.803030;0.969697;0.984848;0.924242;1.015152;0;0;16;6;
0;0;16;6;1_hor;0_ver;
3.000000;6.000000;0.541734;0.470904;0.468505;0.568834;0.226310;0.309703;0.227807;0.234618;0.962264;1.490566;0.264151;1.056604;0.698113;0.584906;1.339623;1.339623;0;0;20;6;
0;0;20;6;1_hor;0_ver;
3.000000;8.000000;0.467656;0.541197;0.502296;0.523433;0.216929;0.255735;0.271481;0.252445;0.962963;0.822222;1.103704;0.822222;0.866667;0.748148;0.866667;1.051852;0;4;16;6;
0;4;16;6;0_hor;0_ver;
3.000000;7.000000;0.528151;0.481064;0.527482;0.507082;0.270161;0.257055;0.256724;0.224524;1.010309;0.907216;1.072165;0.804124;1.061856;1.041237;0.969072;0.659794;0;4;20;6;
0;4;20;6;1_hor;0_ver;
3.000000;7.000000;0.456370;0.594940;0.533959;0.533155;0.220980;0.238067;0.290321;0.294730;0.653226;0.403226;0.911290;0.951613;0.943548;1.435484;0.693548;0.790323;0;0;16;9;
0;0;16;9;0_hor;0_ver;
3.000000;10.000000;0.591794;0.469493;0.467519;0.585686;0.236386;0.309841;0.215722;0.238558;1.106599;1.301184;0.395939;0.211506;0.179357;0.477157;0.768189;1.690355;0;0;24;6;
0;0;24;6;0_hor;0_ver;
3.000000;11.000000;0.462092;0.585298;0.503727;0.565708;0.220917;0.225885;0.262406;0.319763;0.297932;1.153196;1.281015;1.197368;0.640977;0.550752;0.871241;0.786654;0;0;28;6;
0;0;28;6;0_hor;0_ver;
4.000000;8.000000;0.491655;0.506460;0.512951;0.521460;0.237787;0.242660;0.262105;0.258628;1.207547;0.779874;0.761006;1.050314;0.635220;0.861635;1.522013;0.836478;0;4;24;6;
0;4;24;6;0_hor;0_ver;
3.000000;11.000000;0.547634;0.526075;0.501629;0.499250;0.253138;0.283862;0.244296;0.227265;0.957803;1.271497;0.785032;0.713376;0.136147;0.953025;0.319268;0.100000;0;4;28;6;
0;4;28;6;0_hor;1_ver;
3.000000;11.000000;0.588953;1.000000;0.515909;0.610137;0.272643;0.303063;0.233879;0.288185;1.075556;1.314815;0.803704;0.434074;0.122222;0.385185;1.142963;1.087407;0;0;24;9;
0;0;24;9;0_hor;0_ver;
3.000000;6.000000;0.555901;0.484715;0.546749;0.503623;0.313344;0.226652;0.217552;0.252057;1.484375;0.718750;0.671875;0.593750;1.406250;1.328125;0.515625;0.468750;0;8;16;6;
0;8;16;6;0_hor;0_ver;
5.000000;7.000000;0.500020;0.526472;0.471407;0.564834;0.247584;0.260305;0.229723;0.282918;0.617647;1.000000;1.147059;1.176471;0.264706;0.926471;1.485294;0.764706;0;8;20;6;
0;8;20;6;0_hor;0_ver;
3.000000;7.000000;0.496199;0.518557;0.464481;0.574028;0.220119;0.283722;0.238761;0.274464;0.298507;0.402985;0.402985;1.268657;0.208955;0.417910;0.716418;1.895522;0;12;16;6;
0;12;16;6;0_hor;0_ver;
4.000000;7.000000;0.471825;0.554853;0.481034;0.532197;0.205875;0.239760;0.265408;0.291616;0.683761;0.914530;0.897436;0.470085;1.008547;0.717949;0.675214;0.854701;0;12;20;6;
0;12;20;6;0_hor;0_ver;
3.000000;7.000000;0.524311;0.538616;0.485230;0.560138;0.253098;0.265155;0.227597;0.298745;0.656250;0.718750;0.864583;1.125000;0.656250;0.666667;0.812500;1.229167;0;8;16;9;
0;8;16;9;0_hor;0_ver;
5.000000;8.000000;0.504386;0.497222;0.529620;0.513032;0.260115;0.242738;0.259591;0.253208;1.226994;1.128834;0.889571;0.730061;0.558282;1.190184;0.447853;0.668712;0;8;24;6;
0;8;24;6;0_hor;0_ver;
7.000000;9.000000;0.528373;0.481372;0.456207;0.544498;0.237709;0.284590;0.225543;0.248206;1.976834;1.250965;0.397683;0.335907;0.189189;0.281853;2.714286;0.555985;0;8;28;6;
0;8;28;6;0_hor;1_ver;
5.000000;8.000000;0.485140;0.526334;0.506814;0.503929;0.250483;0.241254;0.245612;0.274990;0.732026;0.790850;0.516340;0.601307;0.797386;0.699346;1.032680;1.300654;0;12;24;6;
0;12;24;6;0_hor;0_ver;
6.000000;8.000000;0.495779;0.521666;0.524186;0.477559;0.257500;0.236881;0.263603;0.249097;0.680000;0.480000;1.192000;1.232000;0.628000;0.624000;1.492000;0.164000;0;12;28;6;
0;12;28;6;0_hor;0_ver;
3.000000;8.000000;0.527621;0.520987;0.498869;0.544110;0.245875;0.272193;0.239748;0.271246;1.452830;0.537736;0.650943;0.990566;0.650943;0.853774;0.594340;1.844340;0;8;24;9;
0;8;24;9;0_hor;0_ver;
3.000000;10.000000;0.621042;1.000000;0.493256;0.631727;0.256534;0.348651;0.220513;0.281535;2.324415;0.892977;0.307692;0.347826;0.180602;0.170569;0.454850;2.013378;0;0;16;12;
6.000000;6.000000;0.486502;0.562788;0.497526;0.512168;0.231695;0.248118;0.257763;0.271384;0.767857;0.678571;0.803571;0.642857;0.446429;0.410714;1.285714;1.196429;0;16;0;6;
0;16;0;6;0_hor;1_ver;
3.000000;6.000000;0.570945;0.473927;0.512983;0.540198;0.257408;0.312923;0.234481;0.229034;1.444444;1.111111;0.422222;0.333333;0.511111;1.044444;0.377778;1.577778;0;16;4;6;
0;16;4;6;0_hor;0_ver;
4.000000;7.000000;0.498291;0.518678;0.475382;0.556367;0.225843;0.248829;0.247555;0.292663;0.389610;0.415584;1.220779;1.831169;0.688312;0.714286;0.948052;1.272727;0;20;0;6;
0;20;0;6;0_hor;1_ver;
3.000000;7.000000;0.464076;0.577174;0.553817;0.482173;0.234743;0.224543;0.303152;0.248371;0.480519;0.168831;0.493506;1.298701;0.350649;0.831169;1.363636;1.376623;0;20;4;6;
0;20;4;6;0_hor;0_ver;
3.000000;7.000000;0.516073;0.563561;0.545975;0.501689;0.252965;0.239557;0.300353;0.266151;0.565217;0.597826;0.423913;1.086957;0.478261;1.369565;0.804348;1.315217;0;16;0;9;
0;16;0;9;0_hor;0_ver;
6.000000;5.000000;0.462108;0.557395;0.551358;0.481342;0.231642;0.230006;0.281728;0.265550;0.900000;0.300000;1.050000;1.050000;1.500000;0.650000;0.600000;1.000000;0;16;8;6;
0;16;8;6;1_hor;0_ver;
1.000000;8.000000;0.455296;0.541813;0.446974;0.558138;0.205002;0.243047;0.238810;0.311560;0.371951;0.585366;0.713415;1.207317;0.280488;0.347561;0.774390;0.993902;0;16;12;6;
0;16;12;6;0_hor;0_ver;
3.000000;10.000000;0.487384;0.557311;0.543749;0.513902;0.246116;0.247885;0.272123;0.254603;0.100000;0.307345;0.225989;0.743503;0.323164;0.583051;1.144633;1.317514;0;20;8;6;
0;20;8;6;0_hor;0_ver;
3.000000;10.000000;0.488998;0.534813;0.467657;0.568959;0.222906;0.257471;0.240452;0.284855;0.168098;0.628221;0.121472;0.223313;1.387730;1.098160;0.788957;0.703067;0;20;12;6;
0;20;12;6;0_hor;0_ver;
3.000000;10.000000;0.465066;0.590379;0.495339;0.573914;0.207777;0.252625;0.277427;0.309413;0.100000;0.232941;0.451765;0.449412;0.528235;1.331765;1.098824;0.701176;0;16;8;9;
0;16;8;9;0_hor;0_ver;
2.000000;7.000000;0.513010;0.507403;0.465994;0.531835;0.241605;0.269116;0.228569;0.263350;0.747899;0.865546;1.168067;1.168067;0.487395;0.697479;1.184874;0.915966;0;24;0;6;
0;24;0;6;0_hor;0_ver;
2.000000;8.000000;0.519117;0.534056;0.467145;0.530686;0.230366;0.269678;0.242061;0.280410;0.521127;0.464789;0.821596;2.126760;0.122066;0.319249;0.131455;1.065728;0;24;4;6;
0;24;4;6;0_hor;0_ver;
7.000000;7.000000;0.505336;0.511858;0.467812;0.542421;0.237452;0.267290;0.244680;0.262925;1.287356;1.114943;0.804598;0.793103;0.137931;0.517241;0.344828;0.816092;0;28;0;6;
0;28;0;6;0_hor;1_ver;
3.000000;10.000000;0.512118;0.519260;0.467225;0.579550;0.199629;0.302155;0.256284;0.236401;0.844363;1.101716;1.101716;0.943627;0.100000;0.100000;0.450980;0.100000;0;28;4;6;
0;28;4;6;0_hor;0_ver;
3.000000;9.000000;0.581687;0.497950;0.538962;0.532764;0.293489;0.278948;0.241439;0.246857;0.300562;0.696629;1.471910;1.500000;0.286517;0.292135;0.162921;1.398876;0;24;0;9;
0;24;0;9;0_hor;0_ver;
2.000000;9.000000;0.497617;0.525842;0.531443;0.465951;0.280694;0.200542;0.246795;0.284411;1.899654;1.065744;0.349481;0.512111;0.951557;0.155709;0.100000;0.100000;0;24;8;6;
0;24;8;6;0_hor;1_ver;
3.000000;7.000000;0.538156;0.496499;0.487980;0.532539;0.275984;0.262297;0.215350;0.276293;0.543478;0.608696;1.293478;1.391304;0.173913;0.369565;0.413043;0.891304;0;24;12;6;
0;24;12;6;0_hor;1_ver;
3.000000;7.000000;0.533737;0.497659;0.522133;0.503354;0.272408;0.251618;0.251633;0.240352;1.395604;1.120879;0.846154;0.626374;0.109890;0.120879;0.100000;0.142857;0;28;8;6;
0;28;8;6;0_hor;1_ver;
4.000000;5.000000;0.539849;0.475130;0.467725;0.544329;0.236366;0.272651;0.240779;0.260072;1.277778;0.722222;0.944444;0.833333;0.500000;0.444444;0.388889;2.111111;0;28;12;6;
0;28;12;6;0_hor;1_ver;
3.000000;8.000000;0.594393;0.467621;0.519943;0.537532;0.284702;0.297163;0.224768;0.235342;1.636364;0.831169;0.759740;0.545455;1.110390;0.142857;0.129870;0.837662;0;24;8;9;
0;24;8;9;0_hor;0_ver;
3.000000;11.000000;0.596331;1.000000;0.575075;1.000000;0.283193;0.300455;0.292991;0.222233;0.100000;0.496341;1.099800;1.224218;0.100000;0.247505;1.118430;0.956088;0;16;0;12;
2.000000;8.000000;0.465840;0.563595;0.511857;0.485148;0.223528;0.231641;0.279963;0.271856;0.460526;0.480263;0.697368;0.914474;1.355263;1.019737;0.651316;0.631579;0;16;16;6;
0;16;16;6;0_hor;0_ver;
3.000000;8.000000;0.522280;0.492942;0.512191;0.505790;0.245755;0.280151;0.260180;0.219264;0.403727;0.894410;0.583851;1.037267;0.614907;0.869565;0.757764;1.422360;0;16;20;6;
0;16;20;6;0_hor;0_ver;
7.000000;10.000000;0.556002;0.444258;0.527701;0.486961;0.294859;0.265370;0.236206;0.205170;0.588008;0.471954;0.259188;0.100000;1.208897;1.117988;0.746615;0.444874;0;20;16;6;
0;20;16;6;1_hor;0_ver;
3.000000;8.000000;0.580003;0.437440;0.541250;0.480943;0.317535;0.261621;0.218765;0.201600;1.966216;0.486486;0.101351;0.100000;1.337838;1.175676;0.378378;0.155405;0;20;20;6;
0;20;20;6;0_hor;0_ver;
3.000000;10.000000;0.567860;0.463372;0.539657;0.512637;0.276671;0.295830;0.265070;0.199291;0.327731;0.310924;0.727731;0.104202;1.085714;0.983193;0.690756;0.749580;0;16;16;9;
0;16;16;9;0_hor;0_ver;
3.000000;9.000000;0.542472;0.485753;0.509269;0.522345;0.263044;0.270996;0.237660;0.239349;0.837349;0.819277;0.325301;0.409639;0.825301;1.114458;0.831325;0.560241;0;16;24;6;
0;16;24;6;0_hor;0_ver;
2.000000;9.000000;0.528520;0.525154;0.485368;0.511887;0.264164;0.255927;0.230873;0.266142;0.898263;0.637717;0.838710;0.962779;0.424318;0.667494;0.662531;1.032258;0;16;28;6;
0;16;28;6;0_hor;1_ver;
3.000000;4.000000;0.549992;0.460063;0.510297;0.522011;0.292815;0.264325;0.203187;0.261651;1.461538;0.615385;0.846154;1.000000;0.461538;0.692308;0.923077;1.538462;0;20;24;6;
0;20;24;6;0_hor;0_ver;
3.000000;11.000000;0.467209;0.600883;0.376570;0.662822;0.158215;0.284174;0.210850;0.365905;0.303714;0.986890;1.031318;1.512017;0.100000;0.355426;2.554261;0.878369;0;20;28;6;
0;20;28;6;0_hor;0_ver;
3.000000;10.000000;0.565907;0.562271;0.441287;0.666064;0.268206;0.304754;0.147955;0.380295;0.418182;0.420979;0.751049;1.233566;0.723077;0.338462;0.419580;2.413986;0;16;24;9;
0;16;24;9;0_hor;0_ver;
3.000000;9.000000;0.499834;0.520344;0.522341;0.499497;0.244469;0.258351;0.263272;0.230065;0.293769;0.480712;0.100000;1.792285;0.664688;1.044510;1.362018;0.899110;0;24;16;6;
0;24;16;6;0_hor;0_ver;
3.000000;8.000000;0.512279;0.535596;0.571760;0.477840;0.266840;0.219334;0.281956;0.231142;0.496599;1.108844;0.272109;0.891156;1.272109;0.768707;0.653061;0.340136;0;24;20;6;
0;24;20;6;0_hor;0_ver;
3.000000;9.000000;0.631670;0.425876;0.520879;0.565111;0.299465;0.300200;0.178059;0.232130;0.937811;0.203980;0.100000;0.298507;0.412935;0.880597;1.410448;0.995025;0;28;16;6;
0;28;16;6;0_hor;0_ver;
3.000000;7.000000;0.510934;0.550405;0.516840;0.518620;0.250437;0.238296;0.250632;0.280020;0.238938;0.141593;0.100000;1.876106;0.929204;0.884956;0.840708;1.017699;0;28;20;6;
0;28;20;6;0_hor;0_ver;
3.000000;9.000000;0.563486;0.541451;0.601976;1.000000;0.313117;0.252851;0.295731;0.241614;0.508621;0.885057;0.824713;0.264368;1.189655;1.333333;0.841954;0.494253;0;24;16;9;
0;24;16;9;0_hor;0_ver;
3.000000;9.000000;0.437565;0.586510;0.446386;0.590883;0.164656;0.256709;0.271514;0.312095;0.148559;1.121951;0.199557;1.263858;0.100000;0.873614;1.175166;1.474501;0;24;24;6;
0;24;24;6;1_hor;0_ver;
3.000000;11.000000;0.530148;0.506817;0.506015;0.533480;0.247093;0.257493;0.250939;0.249945;0.668394;1.239205;1.056995;0.528497;0.565630;1.421416;0.872193;1.007772;0;24;28;6;
0;24;28;6;0_hor;0_ver;
3.000000;10.000000;0.532515;0.516392;0.374489;0.674711;0.207655;0.319336;0.146791;0.334347;0.498164;1.116279;0.561812;1.593635;0.100000;0.238678;0.401469;2.259486;0;28;24;6;
0;28;24;6;0_hor;0_ver;
3.000000;10.000000;0.550236;0.474920;0.515592;0.502259;0.262333;0.283162;0.254134;0.213351;1.435345;1.007184;0.804598;0.603448;0.576149;0.571839;0.639368;1.316092;0;28;28;6;
0;28;28;6;0_hor;0_ver;
3.000000;10.000000;0.598667;1.000000;0.457397;0.628514;0.205765;0.350105;0.249153;0.269708;0.864249;0.808290;1.099482;1.160622;0.260104;1.103627;1.153368;1.129534;0;24;24;9;
0;24;24;9;0_hor;0_ver;
3.000000;10.000000;0.577308;1.000000;0.503329;1.000000;0.252299;0.311577;0.224505;0.371696;0.524005;0.794239;0.735254;1.078189;1.019204;0.593964;0.750343;1.467764;0;16;16;12;
3.000000;11.000000;0.474809;0.545881;0.482586;0.537546;0.225353;0.239230;0.252925;0.290081;0.140870;0.387826;1.637391;0.315652;1.031304;0.989565;1.006957;0.917391;0;0;32;6;
0;0;32;6;0_hor;0_ver;
5.000000;10.000000;0.395669;0.620189;0.489097;0.532930;0.204705;0.197630;0.289942;0.313809;0.100000;0.233372;1.750292;0.760793;1.144691;1.170362;0.900817;0.581097;0;0;36;6;
0;0;36;6;0_hor;0_ver;
3.000000;10.000000;0.462000;0.561134;0.412960;0.599827;0.182289;0.269871;0.222826;0.330716;0.420183;1.040367;0.667890;1.697248;0.271560;0.352294;0.820184;1.631193;0;4;32;6;
0;4;32;6;0_hor;0_ver;
3.000000;11.000000;0.484256;0.554662;0.551597;0.477745;0.239677;0.222396;0.295300;0.248720;0.503145;0.457547;1.170597;1.072327;0.713050;0.915881;1.063679;0.746069;0;4;36;6;
0;4;36;6;0_hor;0_ver;
3.000000;11.000000;0.502132;0.566246;0.541253;0.539413;0.241049;0.208234;0.308164;0.329050;0.215548;1.174912;0.765018;1.283569;0.893110;0.937279;0.962014;0.903710;0;0;32;9;
0;0;32;9;0_hor;0_ver;
3.000000;10.000000;0.493970;0.528496;0.487108;0.548451;0.213542;0.277699;0.255158;0.253332;0.264822;0.866930;1.478261;0.901186;0.693017;0.412385;0.642951;2.032938;0;0;40;6;
0;0;40;6;0_hor;0_ver;
3.000000;10.000000;0.522766;0.499998;0.544565;0.483895;0.287553;0.229967;0.245778;0.246348;0.141337;1.381459;0.714286;0.781155;0.694529;0.826748;0.407295;0.928571;0;0;44;6;
0;0;44;6;0_hor;0_ver;
3.000000;9.000000;0.507703;0.509951;0.569143;0.435501;0.291273;0.211878;0.273275;0.222816;1.488608;1.037975;0.691139;0.769620;0.594937;1.111392;1.316456;0.377215;0;4;40;6;
0;4;40;6;0_hor;0_ver;
3.000000;9.000000;0.524675;0.515532;0.466687;0.558328;0.248584;0.268913;0.226685;0.272455;1.171617;1.069307;0.617162;1.042904;0.297030;0.194719;0.838284;0.726073;0;4;44;6;
0;4;44;6;0_hor;0_ver;
3.000000;10.000000;0.566909;0.502176;0.537038;0.529065;0.279630;0.269601;0.295431;0.225253;0.804805;1.091592;0.696697;0.492492;0.792793;1.328829;0.578078;0.681682;0;0;40;9;
0;0;40;9;0_hor;0_ver;
7.000000;9.000000;0.491538;0.510055;0.433356;0.569764;0.176036;0.314174;0.260836;0.258889;1.364066;1.567376;0.548463;0.100000;0.286052;0.312057;0.586288;1.061466;0;8;32;6;
0;8;32;6;0_hor;0_ver;
3.000000;11.000000;0.566709;0.451346;0.518237;0.508618;0.270386;0.283131;0.231049;0.220567;1.234417;0.669377;0.888211;0.807588;1.060976;0.539295;0.462060;1.091463;0;8;36;6;
0;8;36;6;1_hor;0_ver;
3.000000;9.000000;0.537057;0.474957;0.476352;0.549755;0.235848;0.303208;0.232997;0.227747;1.150794;0.941799;0.100000;1.431217;0.550265;0.626984;0.992063;1.656085;0;12;32;6;
0;12;32;6;0_hor;0_ver;
3.000000;11.000000;0.495256;0.541540;0.505281;0.529641;0.229357;0.261409;0.267008;0.266121;1.148085;1.075745;0.970213;0.778723;0.810213;0.451064;0.100000;0.904681;0;12;36;6;
0;12;36;6;0_hor;0_ver;
3.000000;11.000000;0.593646;0.490182;0.486810;0.600281;0.263537;0.369277;0.239763;0.210267;1.389498;1.010188;0.779781;0.743730;0.153605;0.389498;1.017241;0.974138;0;8;32;9;
0;8;32;9;0_hor;0_ver;
3.000000;10.000000;0.538751;0.521232;0.587890;0.438014;0.303844;0.188167;0.266315;0.246796;1.160363;0.937973;0.930408;0.346445;1.125567;0.839637;0.717095;0.254160;0;8;40;6;
0;8;40;6;0_hor;0_ver;
3.000000;9.000000;0.538812;0.521728;0.464424;0.562260;0.211999;0.282399;0.250839;0.258247;0.390863;0.502538;1.131980;1.149746;0.256345;0.111675;1.129442;1.307107;0;8;44;6;
0;8;44;6;0_hor;0_ver;
3.000000;10.000000;0.531970;0.513094;0.537592;0.492525;0.279917;0.239125;0.265614;0.246451;1.297459;1.077728;0.965620;0.364723;0.852018;1.128550;0.472347;0.375187;0;12;40;6;
0;12;40;6;0_hor;0_ver;
3.000000;8.000000;0.596391;0.464541;0.484700;0.568732;0.231533;0.330358;0.238904;0.219373;1.348837;1.325581;0.874419;0.100000;0.367442;0.213953;0.925581;2.074419;0;12;44;6;
0;12;44;6;0_hor;0_ver;
3.000000;9.000000;0.574634;0.539815;0.604461;1.000000;0.372747;0.241703;0.276519;0.228352;0.979757;1.066802;1.127530;0.617409;1.439271;1.087044;0.159919;0.834008;0;8;40;9;
0;8;40;9;0_hor;0_ver;
3.000000;10.000000;0.588349;1.000000;0.615219;1.000000;0.321021;0.254581;0.308885;0.249867;0.985699;0.871287;1.144114;0.803080;0.888889;1.389439;0.778878;0.497250;0;0;32;12;
3.000000;10.000000;0.530061;0.506455;0.584449;0.471288;0.288189;0.225888;0.263726;0.222707;0.113900;1.059846;1.011583;1.090734;0.393822;1.249035;1.171815;0.318533;0;0;48;6;
0;0;48;6;0_hor;0_ver;
3.000000;9.000000;0.492042;0.553366;0.589798;0.476038;0.250449;0.227489;0.299733;0.223096;0.100000;0.232804;1.267196;1.029101;1.044973;1.298942;0.793651;0.642857;0;0;52;6;
0;0;52;6;0_hor;0_ver;
2.000000;9.000000;0.503409;0.522751;0.543827;0.452623;0.264893;0.224293;0.294063;0.230928;1.045361;0.983505;0.839175;1.098969;0.465979;0.375258;1.055670;0.100000;0;4;48;6;
0;4;48;6;0_hor;1_ver;
7.000000;10.000000;0.508858;1.000000;0.454580;0.599249;0.234503;0.272021;0.230464;0.278452;0.443493;0.520548;1.121575;1.434932;0.924658;0.691781;0.190068;1.412671;0;4;52;6;
0_ver;
3.000000;10.000000;0.576313;1.000000;0.601581;1.000000;0.295564;0.233029;0.264864;0.274434;0.638095;1.129524;0.771429;1.219048;1.068571;0.763810;0.885714;1.133333;0;0;48;9;
0;0;48;9;0_hor;0_ver;
3.000000;10.000000;0.415266;0.595936;0.503463;0.553047;0.197831;0.216215;0.292035;0.308428;0.100000;0.194900;1.313297;1.475410;0.397086;0.699454;0.876138;0.690346;0;0;56;6;
0;0;56;6;1_hor;0_ver;
3.000000;8.000000;0.559933;0.449627;0.531679;0.495651;0.283440;0.268600;0.230532;0.212265;2.461539;0.723077;0.392308;0.261538;1.123077;0.515385;0.338462;1.123077;0;0;60;6;
0;0;60;6;1_hor;0_ver;
3.000000;8.000000;0.581848;0.428821;0.542335;0.459695;0.316002;0.260547;0.237128;0.192616;2.176190;0.504762;0.171429;0.100000;2.347619;0.371429;0.114286;0.271429;0;4;56;6;
0;4;56;6;1_hor;0_ver;
5.000000;7.000000;0.483997;0.517071;0.517507;0.508258;0.254847;0.255693;0.247895;0.255979;0.461538;0.549451;0.472527;0.263736;0.890110;0.593407;1.263736;0.835165;0;4;60;6;
0;4;60;6;0_hor;0_ver;
3.000000;10.000000;0.561218;0.502517;0.547852;0.503084;0.299738;0.265476;0.256717;0.223073;0.705584;1.015228;0.333333;0.100000;1.901861;0.952623;0.406091;0.241963;0;0;56;9;
0;0;56;9;0_hor;0_ver;
3.000000;9.000000;0.554059;0.483217;0.561321;0.471334;0.285884;0.260665;0.288502;0.201044;1.063205;0.860045;0.819413;1.081264;1.060948;0.478555;0.981941;0.415350;0;8;48;6;
0;8;48;6;0_hor;0_ver;
3.000000;11.000000;0.605029;0.462860;0.533889;0.547615;0.292993;0.292978;0.196089;0.250670;0.752627;0.905444;1.126075;1.123209;0.261700;0.252149;0.661891;0.100000;0;8;52;6;
0;8;52;6;0_hor;0_ver;
3.000000;8.000000;0.592782;0.477957;0.576577;0.513982;0.315227;0.257288;0.200367;0.233828;2.088710;1.504032;0.209677;0.185484;0.802419;1.032258;1.116935;0.225806;0;12;48;6;
0;12;48;6;0_hor;0_ver;
3.000000;10.000000;0.520906;0.516783;0.433622;0.579924;0.205951;0.284445;0.230513;0.285511;1.662274;1.255354;0.596376;0.168040;0.100000;0.100000;0.314662;1.233937;0;12;52;6;
0;12;52;6;0_hor;0_ver;
3.000000;10.000000;0.601102;1.000000;0.610856;1.000000;0.303155;0.282312;0.257551;0.254397;1.143556;1.344209;1.092985;0.265905;0.601958;0.471452;0.252855;1.598695;0;8;48;9;
0;8;48;9;0_hor;0_ver;
3.000000;6.000000;0.447756;0.587773;0.494819;0.526611;0.197324;0.237124;0.292452;0.276608;0.352941;0.294118;0.794118;2.058824;0.500000;1.764706;0.500000;0.911765;0;8;56;6;
0;8;56;6;0_hor;0_ver;
3.000000;5.000000;0.521313;0.492694;0.528286;0.483897;0.269898;0.225136;0.253263;0.248416;1.000000;1.285714;0.714286;0.892857;1.142857;1.178571;0.500000;0.392857;0;8;60;6;
0;8;60;6;0_hor;1_ver;
4.000000;8.000000;0.503110;0.526249;0.506484;0.510391;0.245554;0.239961;0.251619;0.272314;0.485437;0.907767;1.014563;1.237864;0.854369;0.868932;0.587379;0.509709;0;12;56;6;
0;12;56;6;0_hor;0_ver;
3.000000;7.000000;0.458684;0.553755;0.535027;0.484475;0.222753;0.231546;0.298146;0.259020;0.322314;0.322314;0.628099;2.628099;2.264463;0.173554;0.297521;0.272727;0;12;60;6;
0;12;60;6;0_hor;0_ver;
3.000000;7.000000;0.484952;0.582737;0.553739;0.514232;0.251072;0.235249;0.311606;0.265324;0.181102;0.338583;0.889764;2.133858;0.905512;1.244094;0.968504;0.228346;0;8;56;9;
0;8;56;9;0_hor;0_ver;
3.000000;10.000000;0.608610;1.000000;0.623027;1.000000;0.308590;0.288488;0.301505;0.254858;0.703899;0.977871;0.940991;0.873551;0.464700;0.802951;0.679663;0.210748;0;0;48;12;
3.000000;9.000000;0.533010;0.508952;0.540816;0.473946;0.277770;0.231365;0.259288;0.235513;1.827684;1.084746;0.615819;0.381356;2.423729;0.514124;0.446328;0.180791;0;16;32;6;
0;16;32;6;0_hor;1_ver;
3.000000;8.000000;0.506887;0.512414;0.448351;0.560173;0.228365;0.277556;0.219748;0.284922;1.074803;0.842520;0.779528;1.259843;0.267717;0.240157;0.988189;2.200787;0;16;36;6;
0;16;36;6;0_hor;1_ver;
3.000000;10.000000;0.392216;0.607721;0.497218;0.547104;0.192067;0.206567;0.288076;0.327504;0.132561;0.149292;2.039897;1.501930;0.743887;0.482625;1.395109;1.303732;0;20;32;6;
0;20;32;6;0_hor;0_ver;
3.000000;11.000000;0.458821;0.579385;0.505595;0.536226;0.199382;0.249812;0.283437;0.283394;0.265049;0.790291;2.062136;0.699029;0.723301;0.831068;1.184466;1.066990;0;20;36;6;
0;20;36;6;0_hor;0_ver;
3.000000;10.000000;0.464285;0.611531;0.538857;1.000000;0.266747;0.204939;0.287225;0.307600;0.667192;0.378549;0.629338;2.269716;0.817035;0.933754;0.709779;1.332808;0;16;32;9;
0;16;32;9;0_hor;0_ver;
3.000000;3.000000;0.524058;0.511085;0.568659;0.442675;0.287584;0.222195;0.263003;0.226935;1.142857;0.857143;0.857143;1.142857;1.285714;1.000000;0.714286;0.571429;0;16;40;6;
0;16;40;6;0_hor;1_ver;
0.000000;3.000000;0.504651;0.518394;0.484717;0.533578;0.243578;0.272098;0.249594;0.258522;1.000000;1.200000;1.200000;0.800000;0.800000;0.800000;1.400000;1.200000;0;16;44;6;
0;16;44;6;0_hor;0_ver;
3.000000;6.000000;0.473411;0.561025;0.544426;0.503804;0.234956;0.213242;0.275813;0.282115;0.172414;0.465517;0.586207;2.413793;0.931035;0.568965;1.637931;0.862069;0;20;40;6;
0;20;40;6;0_hor;0_ver;
4.000000;6.000000;0.465923;0.545360;0.521972;0.509225;0.234954;0.219782;0.282640;0.266242;0.354167;0.895833;0.895833;1.520833;1.541667;0.854167;0.875000;0.604167;0;20;44;6;
0;20;44;6;0_hor;0_ver;
3.000000;6.000000;0.425434;0.633681;0.568728;0.512306;0.230093;0.198773;0.311141;0.284000;0.205882;0.205882;0.852941;2.647059;0.852941;1.147059;0.911765;0.647059;0;16;40;9;
0;16;40;9;0_hor;0_ver;
1.000000;11.000000;0.482637;0.515576;0.481704;0.533107;0.227810;0.261953;0.245056;0.271445;0.713217;0.788030;1.183707;1.091438;0.859518;0.736492;1.072319;1.188695;0;24;32;6;
0;24;32;6;0_hor;0_ver;
3.000000;11.000000;0.489849;0.520550;0.522761;0.479463;0.249705;0.239658;0.271081;0.240670;0.341137;0.941472;1.297659;1.306020;0.990803;1.258361;1.018395;0.381271;0;24;36;6;
0;24;36;6;0_hor;0_ver;
3.000000;10.000000;0.494128;0.532673;0.541985;0.490350;0.229484;0.253192;0.296576;0.230811;1.669145;0.100000;0.428748;0.469641;0.695167;0.822801;0.802974;1.650558;0;28;32;6;
0;28;32;6;0_hor;0_ver;
3.000000;11.000000;0.567757;0.470434;0.502123;0.545174;0.268387;0.289343;0.217121;0.230358;1.416595;0.350043;0.766638;0.390666;1.286949;0.863440;0.936906;0.667243;0;28;36;6;
0;28;36;6;0_hor;0_ver;
3.000000;11.000000;0.587596;0.480706;0.541085;0.535198;0.297766;0.301658;0.227090;0.239477;0.527452;0.967304;0.872301;0.438001;0.888341;1.360888;1.035164;0.676743;0;24;32;9;
0;24;32;9;0_hor;0_ver;
3.000000;8.000000;0.578171;0.476350;0.574030;0.472563;0.309922;0.255229;0.256157;0.195831;0.660714;1.035714;0.738095;0.273810;1.761905;0.839286;0.714286;0.559524;0;24;40;6;
0;24;40;6;0_hor;0_ver;
7.000000;7.000000;0.513012;0.514878;0.522431;0.489274;0.281763;0.235927;0.252065;0.248747;0.658228;0.658228;0.962025;0.949367;0.962025;0.746835;1.126582;1.101266;0;24;44;6;
0;24;44;6;0_hor;0_ver;
3.000000;9.000000;0.498634;0.528563;0.514954;0.500167;0.239931;0.250478;0.268999;0.241179;0.750583;1.181818;1.121212;0.897436;0.484848;0.582751;0.377622;0.398601;0;28;40;6;
0;28;40;6;0_hor;0_ver;
3.000000;8.000000;0.504875;0.529612;0.526563;0.497296;0.267468;0.240886;0.252619;0.241611;0.732218;0.891213;1.050209;1.246862;0.447699;0.523013;1.230126;0.380753;0;28;44;6;
0;28;44;6;0_hor;0_ver;
3.000000;8.000000;0.511189;0.561164;0.555422;0.515707;0.270261;0.229557;0.294624;0.259420;0.420833;0.408333;1.350000;1.479167;1.245833;1.245833;0.425000;0.833333;0;24;40;9;
0;24;40;9;0_hor;0_ver;
3.000000;10.000000;0.499022;0.635475;0.693915;1.000000;0.331096;0.174475;0.371439;0.238883;0.500000;0.789655;1.336782;0.819540;1.425287;1.274713;0.229885;0.142529;0;16;32;12;
3.000000;6.000000;0.564995;0.504111;0.457383;0.568343;0.216339;0.322870;0.228076;0.244972;1.372881;1.423729;0.305085;0.203390;0.135593;0.135593;1.067797;2.457627;0;16;48;6;
0;16;48;6;0_hor;0_ver;
3.000000;9.000000;0.636581;0.420276;0.603983;1.000000;0.368574;0.254184;0.215182;0.191733;0.191667;0.988889;0.880556;0.911111;1.083333;1.344444;0.508333;0.400000;0;16;52;6;
0;16;52;6;0_hor;0_ver;
3.000000;6.000000;0.440464;0.603781;0.540026;0.492805;0.227166;0.206880;0.290285;0.285461;0.320000;0.420000;0.380000;2.200000;0.320000;0.700000;0.860000;1.860000;0;20;48;6;
0;20;48;6;0_hor;0_ver;
3.000000;9.000000;0.472797;0.620557;0.594465;1.000000;0.242787;0.204363;0.319803;0.254933;1.007692;0.838462;0.838462;0.992308;1.384615;1.100000;0.261538;0.353846;0;20;52;6;
0;20;52;6;0_hor;0_ver;
3.000000;8.000000;0.553599;1.000000;0.547691;1.000000;0.264273;0.304212;0.262467;0.267113;1.226316;1.084211;0.715789;0.842105;0.121053;0.463158;2.373684;0.668421;0;16;48;9;
0;16;48;9;0_hor;0_ver;
3.000000;9.000000;0.609612;0.441454;0.491627;0.571300;0.294269;0.286981;0.188824;0.242610;0.557087;1.255906;0.517717;0.100000;0.362205;1.212598;1.179134;0.704724;0;16;56;6;
0;16;56;6;0_hor;0_ver;
4.000000;10.000000;0.522901;0.482103;0.528672;0.525980;0.254387;0.257846;0.252854;0.237779;0.813740;0.935878;0.854962;0.169466;0.253435;0.888550;1.285496;1.003053;0;16;60;6;
0;16;60;6;1_hor;0_ver;
3.000000;7.000000;0.492320;0.558164;0.576215;1.000000;0.256843;0.226593;0.318648;0.233309;0.100000;0.144444;0.400000;2.811111;0.988889;0.955556;0.988889;0.822222;0;20;56;6;
0;20;56;6;0_hor;0_ver;
3.000000;9.000000;0.628520;0.449942;0.590217;0.465191;0.339285;0.276537;0.233155;0.180657;0.263158;1.476316;0.147368;0.250000;0.442105;1.039474;1.671053;0.757895;0;20;60;6;
0;20;60;6;0_hor;0_ver;
3.000000;10.000000;0.633443;1.000000;0.491012;1.000000;0.332052;0.336717;0.175446;0.306642;0.991639;0.555184;0.471572;0.244147;0.515050;0.896321;0.779264;1.580268;0;16;56;9;
0;16;56;9;0_hor;0_ver;
3.000000;8.000000;0.477915;0.556488;0.548340;0.526686;0.219231;0.249061;0.319464;0.258501;0.553672;0.100000;1.016949;2.067797;0.265537;1.333333;0.881356;0.395480;0;24;48;6;
0;24;48;6;0_hor;0_ver;
1.000000;7.000000;0.542643;0.452424;0.501463;0.512938;0.283902;0.280715;0.221491;0.235682;3.253012;0.204819;0.180723;0.108434;1.084337;0.987952;0.939759;0.915663;0;24;52;6;
0;24;52;6;1_hor;0_ver;
3.000000;8.000000;0.506209;0.560624;0.540615;0.488370;0.270767;0.210653;0.272799;0.261297;1.292035;0.699115;0.548673;1.256637;0.853982;0.858407;1.039823;0.500000;0;28;48;6;
0;28;48;6;0_hor;0_ver;
3.000000;7.000000;0.464455;0.563624;0.548519;0.478890;0.236738;0.210004;0.306866;0.250215;0.180000;0.370000;0.370000;0.700000;0.820000;0.840000;0.940000;0.960000;0;28;52;6;
0;28;52;6;0_hor;0_ver;
3.000000;8.000000;0.519963;1.000000;0.633834;1.000000;0.289925;0.211815;0.319348;0.237190;0.617347;1.132653;0.964286;0.969388;1.229592;0.923469;0.632653;0.479592;0;24;48;9;
0;24;48;9;0_hor;0_ver;
3.000000;8.000000;0.526540;0.484190;0.522980;0.513279;0.254954;0.288330;0.242002;0.231322;2.609929;0.397163;0.496454;0.100000;0.765957;0.921986;0.893617;1.070922;0;24;56;6;
0;24;56;6;1_hor;0_ver;
3.000000;10.000000;0.517659;0.614807;0.635834;1.000000;0.334286;0.138664;0.286221;0.291267;0.533259;0.968958;0.935698;0.685144;1.191796;1.266075;0.763858;0.274945;0;24;60;6;
0;24;60;6;0_hor;0_ver;
3.000000;7.000000;0.464624;0.563455;0.551522;0.497677;0.249221;0.230287;0.286419;0.263934;0.112903;0.137097;0.274194;0.911290;0.685484;0.790323;1.120968;1.217742;0;28;56;6;
0;28;56;6;1_hor;0_ver;
3.000000;10.000000;0.488785;0.547218;0.472560;0.545929;0.251144;0.222492;0.219124;0.313437;0.572268;0.531140;0.587544;2.225617;1.168038;0.171563;0.100000;2.056404;0;28;60;6;
0;28;60;6;0_hor;0_ver;
3.000000;10.000000;0.589668;1.000000;0.398798;0.696155;0.194429;0.360050;0.177871;0.385901;0.612861;0.796588;1.002625;1.234908;0.140420;0.191601;1.346457;1.387139;0;24;56;9;
0;24;56;9;0_hor;0_ver;
3.000000;9.000000;0.631978;1.000000;0.560551;1.000000;0.265942;0.343171;0.263031;0.339409;1.083710;0.513575;0.830317;1.203620;0.337104;0.477376;0.649321;2.138009;0;16;48;12;
3.000000;9.000000;0.518308;0.485612;0.517124;0.495277;0.277608;0.251430;0.244010;0.244186;0.628242;0.867435;0.484150;0.285303;0.435158;0.573487;1.273775;1.170029;0;0;64;6;
0;0;64;6;1_hor;0_ver;
3.000000;9.000000;0.510882;0.526017;0.497555;0.520844;0.225765;0.267684;0.248052;0.258612;0.259542;0.179389;0.179389;0.526718;0.820611;1.251908;1.309160;0.614504;0;0;68;6;
0;0;68;6;0_hor;0_ver;
3.000000;7.000000;0.503764;0.517564;0.498052;0.515873;0.244844;0.262106;0.257245;0.256740;0.314607;0.224719;0.314607;0.303371;0.797753;1.134831;0.831461;0.876405;0;4;64;6;
0;4;64;6;0_hor;0_ver;
1.000000;9.000000;0.546217;0.449753;0.478815;0.522392;0.257717;0.288878;0.226265;0.251854;0.271698;0.611321;0.807547;0.656604;0.818868;0.890566;0.671698;0.301887;0;4;68;6;
0;4;68;6;0_hor;1_ver;
3.000000;9.000000;0.581644;0.459997;0.522603;0.528121;0.294414;0.278451;0.225821;0.237353;0.545181;0.623494;0.686747;0.719880;0.572289;0.774096;0.966867;1.415663;0;0;64;9;
0;0;64;9;0_hor;0_ver;
2.000000;7.000000;0.509046;0.498383;0.515823;0.479351;0.267819;0.235309;0.249754;0.253059;0.389610;0.402597;0.506494;1.012987;1.545455;0.805195;0.792208;0.532468;0;0;72;6;
0;0;72;6;0_hor;0_ver;
0.000000;6.000000;0.517768;0.497904;0.536018;0.462716;0.285310;0.242368;0.259160;0.227344;0.829268;1.536585;0.878049;0.731707;0.975610;0.902439;0.219512;0.756098;0;0;76;6;
0;0;76;6;1_hor;1_ver;
3.000000;9.000000;0.506991;0.514222;0.501016;0.508423;0.254754;0.251797;0.240172;0.258369;0.685629;1.191617;0.949102;0.889222;0.296407;0.299401;0.511976;0.242515;0;4;72;6;
0;4;72;6;0_hor;0_ver;
3.000000;7.000000;0.514728;0.510388;0.494463;0.524312;0.253668;0.248468;0.236777;0.265782;0.782609;0.855072;0.536232;1.188406;0.724638;0.652174;0.884058;1.202899;0;4;76;6;
0;4;76;6;0_hor;0_ver;
3.000000;9.000000;0.488099;0.545503;0.540625;0.493705;0.252131;0.238558;0.280885;0.251280;0.113960;0.259259;1.213675;1.219373;1.515669;0.792023;0.133903;0.256410;0;0;72;9;
0;0;72;9;0_hor;0_ver;
4.000000;5.000000;0.486384;0.530545;0.510821;0.496946;0.245980;0.227713;0.269385;0.276060;1.150000;0.700000;0.800000;0.800000;0.800000;0.900000;0.900000;0.800000;0;8;64;6;
0;8;64;6;0_hor;0_ver;
3.000000;7.000000;0.511558;0.515395;0.484684;0.539713;0.240744;0.276221;0.234635;0.260896;1.284404;1.073395;0.788991;0.660550;0.146789;0.137615;0.311927;0.449541;0;8;68;6;
0;8;68;6;0_hor;0_ver;
3.000000;5.000000;0.477951;0.531459;0.495798;0.518193;0.238804;0.256072;0.259248;0.254231;0.629630;1.111111;1.074074;0.962963;0.814815;0.592593;0.666667;0.962963;0;12;64;6;
0;12;64;6;0_hor;1_ver;
7.000000;6.000000;0.507987;0.520046;0.491961;0.511058;0.251179;0.250106;0.250598;0.254343;1.222222;0.888889;0.722222;1.083333;0.694444;0.805556;0.472222;0.611111;0;12;68;6;
0;12;68;6;0_hor;0_ver;
3.000000;7.000000;0.501857;0.542956;0.518678;0.525076;0.252266;0.246029;0.278668;0.266764;1.619718;1.014084;0.563380;0.492958;0.464789;0.577465;0.464789;0.718310;0;8;64;9;
0;8;64;9;0_hor;0_ver;
3.000000;8.000000;0.523688;0.484535;0.454619;0.564911;0.241364;0.278256;0.206487;0.281973;1.597122;1.143885;0.532374;0.496403;0.309353;0.453237;0.669065;1.028777;0;8;72;6;
0;8;72;6;0_hor;0_ver;
4.000000;9.000000;0.469061;0.540058;0.499253;0.518108;0.213514;0.254527;0.280735;0.256618;0.779891;0.864130;1.138587;0.760870;0.671196;0.869565;1.293478;1.122283;0;8;76;6;
0;8;76;6;0_hor;0_ver;
3.000000;7.000000;0.466210;0.543519;0.481563;0.548054;0.213003;0.249830;0.261046;0.285823;0.434343;1.171717;0.626263;1.424242;0.585859;0.666667;0.676768;0.939394;0;12;72;6;
0;12;72;6;0_hor;0_ver;
1.000000;8.000000;0.517948;0.479794;0.529674;0.474621;0.278474;0.244250;0.243723;0.241711;1.276243;0.839779;0.966851;0.685083;0.872928;1.436464;0.906077;0.574586;0;12;76;6;
0;12;76;6;0_hor;0_ver;
3.000000;9.000000;0.537595;0.519094;0.479028;0.571683;0.246273;0.299116;0.235190;0.268178;1.135659;0.841085;1.007752;0.864341;0.449612;0.581395;1.306202;1.383721;0;8;72;9;
0;8;72;9;0_hor;0_ver;
3.000000;9.000000;0.534497;0.561815;0.495171;0.590605;0.256809;0.269653;0.232438;0.307635;0.750751;1.120120;0.933934;0.837838;0.630631;0.939940;0.894895;1.264264;0;0;64;12;
3.000000;6.000000;0.515104;0.507584;0.582537;0.416706;0.294021;0.208200;0.279869;0.216229;0.585366;1.609756;0.756098;0.682927;0.756098;1.634146;0.341463;0.243902;0;0;80;6;
0;0;80;6;0_hor;0_ver;
3.000000;7.000000;0.514132;0.502806;0.518905;0.509963;0.277986;0.240329;0.229165;0.249777;1.076271;0.669492;0.898305;1.169492;0.177966;0.601695;1.084746;0.779661;0;0;84;6;
0;0;84;6;0_hor;0_ver;
3.000000;7.000000;0.505819;0.507319;0.518302;0.483972;0.261702;0.240761;0.268687;0.241806;0.947368;0.815789;0.539474;0.592105;1.250000;0.526316;0.789474;1.197368;0;4;80;6;
0;4;80;6;0_hor;0_ver;
2.000000;7.000000;0.534486;0.522510;0.465422;0.530059;0.240460;0.275827;0.236452;0.261853;1.009434;1.047170;0.716981;0.933962;0.584906;0.367925;0.603774;0.971698;0;4;84;6;
0;4;84;6;0_hor;0_ver;
3.000000;8.000000;0.510295;0.534117;0.520261;0.525513;0.246058;0.253365;0.275120;0.264542;0.537931;0.551724;0.724138;0.558621;0.717241;1.013793;0.710345;1.062069;0;0;80;9;
0;0;80;9;0_hor;0_ver;
3.000000;8.000000;0.503739;0.494810;0.508208;0.500923;0.247224;0.260543;0.259465;0.234382;1.147651;1.006711;0.590604;0.953020;0.436242;0.187919;0.382550;0.785235;0;0;88;6;
0;0;88;6;0_hor;1_ver;
6.000000;9.000000;0.528769;0.488129;0.572674;0.430935;0.294697;0.225974;0.274070;0.212181;0.268212;1.155629;0.983444;0.695364;0.741722;0.894040;0.751656;0.745033;0;0;92;6;
0;0;92;6;0_hor;0_ver;
3.000000;8.000000;0.511586;0.503433;0.495812;0.522251;0.248666;0.262149;0.252181;0.237361;1.097222;1.090278;1.013889;0.673611;0.583333;0.375000;0.256944;0.291667;0;4;88;6;
0;4;88;6;0_hor;1_ver;
2.000000;9.000000;0.487747;0.536715;0.473394;0.524072;0.233362;0.245876;0.247774;0.289354;0.670025;0.712846;1.027708;1.516373;0.312343;0.506297;0.261965;0.287154;0;4;92;6;
0;4;92;6;0_hor;1_ver;
3.000000;10.000000;0.546486;0.509605;0.485323;0.559516;0.250484;0.277986;0.228641;0.281099;1.037563;0.788832;0.897462;0.980711;0.150254;0.135025;0.458883;0.197970;0;0;88;9;
0;0;88;9;0_hor;0_ver;
7.000000;8.000000;0.494965;0.534294;0.531231;0.472642;0.254771;0.224895;0.275526;0.241554;0.384181;0.649718;1.536723;1.355932;2.367232;0.943503;0.169492;0.231638;0;8;80;6;
0;8;80;6;0_hor;0_ver;
3.000000;9.000000;0.474722;0.578531;0.539198;0.512284;0.236604;0.227959;0.280342;0.282881;0.542857;0.632143;0.967857;1.546429;0.160714;0.521429;0.525000;0.189286;0;8;84;6;
0;8;84;6;0_hor;0_ver;
6.000000;9.000000;0.488047;0.527480;0.517660;0.478738;0.257776;0.231650;0.257544;0.276127;0.163424;0.645914;0.739300;0.747082;0.883268;0.396887;0.778210;1.334630;0;12;80;6;
0;12;80;6;0_hor;0_ver;
3.000000;10.000000;0.538707;0.499229;0.503008;0.531547;0.255555;0.286237;0.246449;0.225247;1.613286;0.908660;0.690391;0.372479;0.618031;1.005931;0.478055;1.120996;0;12;84;6;
0;12;84;6;0_hor;0_ver;
3.000000;10.000000;0.483200;0.626475;0.521920;0.575704;0.251306;0.221154;0.254468;0.350503;0.166836;0.348932;1.090539;0.716175;0.258393;0.276704;0.876907;2.355036;0;8;80;9;
0;8;80;9;0_hor;0_ver;
2.000000;6.000000;0.504358;0.510645;0.486868;0.508374;0.247216;0.257329;0.254584;0.247329;1.551724;0.948276;0.517241;0.655172;0.724138;0.482759;0.362069;1.931034;0;8;88;6;
0;8;88;6;1_hor;0_ver;
2.000000;10.000000;0.509211;0.513977;0.463895;0.532318;0.243762;0.277126;0.216844;0.276119;1.366024;0.907180;0.690018;0.525394;0.100000;0.218914;0.695271;0.616462;0;8;92;6;
0;8;92;6;0_hor;0_ver;
6.000000;10.000000;0.510816;0.523999;0.580475;0.428220;0.290975;0.215161;0.274875;0.227468;0.154213;1.181240;1.236884;1.222576;2.421304;0.101749;0.100000;0.100000;0;12;88;6;
0;12;88;6;0_hor;0_ver;
3.000000;8.000000;0.509972;0.507361;0.520559;0.481934;0.258746;0.243471;0.260184;0.247139;1.195122;1.286585;0.597561;0.542683;0.475610;0.439024;0.298781;0.560976;0;12;92;6;
0;12;92;6;0_hor;1_ver;
3.000000;10.000000;0.510744;0.568592;0.540739;0.545814;0.215750;0.296699;0.303698;0.252321;1.535390;0.852995;0.667877;0.791289;1.212341;0.100000;0.292196;0.936479;0;8;88;9;
0;8;88;9;0_hor;0_ver;
3.000000;10.000000;0.508703;0.610049;0.565454;0.547793;0.236476;0.278442;0.301322;0.281914;1.270335;0.705742;0.568182;1.290670;0.331340;1.465311;0.351675;0.960526;0;0;80;12;
3.000000;8.000000;0.476057;0.566158;0.568626;0.502313;0.233562;0.221691;0.290055;0.254613;0.102410;0.198795;0.921687;1.680723;1.933735;0.981928;0.602410;0.331325;0;16;64;6;
0;16;64;6;0_hor;0_ver;
3.000000;8.000000;0.477778;0.540853;0.518202;0.529542;0.231859;0.236274;0.258104;0.281422;0.197248;0.293578;0.440367;2.454129;0.380734;0.454128;0.605505;1.683486;0;16;68;6;
0;16;68;6;0_hor;0_ver;
3.000000;8.000000;0.510504;0.509577;0.471186;0.584717;0.233317;0.272180;0.226195;0.286050;0.637168;0.265487;0.761062;0.331858;0.353982;1.309734;1.101770;0.938053;0;20;64;6;
0;20;64;6;0_hor;0_ver;
3.000000;10.000000;0.425647;0.584318;0.508620;0.524969;0.210499;0.225867;0.287988;0.284732;0.177665;0.288071;1.421320;0.487310;0.554569;1.135787;1.470812;0.553299;0;20;68;6;
0;20;68;6;1_hor;0_ver;
3.000000;10.000000;0.538139;0.541327;0.502916;0.597797;0.278605;0.273054;0.230491;0.315759;0.100000;0.317047;0.336591;0.731813;0.968512;0.793702;0.991314;1.158523;0;16;64;9;
0;16;64;9;0_hor;0_ver;
0.000000;10.000000;0.520703;0.498455;0.497227;0.505166;0.243198;0.278923;0.256061;0.231072;0.101626;0.224932;0.691057;0.132791;0.800813;0.817073;0.948510;0.983740;0;16;72;6;
0;16;72;6;0_hor;0_ver;
3.000000;10.000000;0.558675;0.484896;0.574329;0.459839;0.303250;0.224303;0.265490;0.227841;0.533011;0.504026;0.930757;1.014493;0.969404;0.489533;0.780998;0.100000;0;16;76;6;
0;16;76;6;0_hor;0_ver;
3.000000;7.000000;0.548312;0.504394;0.571617;0.493409;0.316288;0.220588;0.218563;0.242488;0.313953;1.906977;1.081395;0.604651;0.813953;0.127907;0.127907;0.116279;0;20;72;6;
0;20;72;6;0_hor;0_ver;
3.000000;8.000000;0.600857;0.443052;0.472255;0.564107;0.236668;0.326778;0.235289;0.232492;2.241071;0.683036;0.325893;0.209821;0.100000;0.125000;0.100000;1.767857;0;20;76;6;
0;20;76;6;0_hor;0_ver;
3.000000;10.000000;0.656450;0.427643;0.516551;0.561733;0.302378;0.352543;0.193060;0.212532;0.322904;0.754693;0.300375;0.100000;1.000000;0.973717;0.617021;0.943680;0;16;72;9;
0;16;72;9;0_hor;0_ver;
7.000000;7.000000;0.448755;0.607419;0.514234;0.500102;0.233783;0.201090;0.278372;0.292438;0.565217;0.989130;0.978261;1.413043;0.847826;0.130435;0.100000;0.597826;0;24;64;6;
0;24;64;6;0_hor;1_ver;
3.000000;8.000000;0.438071;0.625513;0.636013;0.440344;0.215344;0.223074;0.376932;0.200894;0.102410;0.132530;1.222892;1.831325;1.289157;1.530120;0.162651;0.100000;0;24;68;6;
0;24;68;6;0_hor;0_ver;
6.000000;12.000000;0.560676;0.485664;0.559927;0.481100;0.299958;0.262328;0.233856;0.234148;0.221712;1.069531;0.889144;0.100000;1.614300;0.834700;0.568383;0.594293;0;28;64;6;
0;28;64;6;0_hor;0_ver;
3.000000;9.000000;0.418555;0.633875;0.558715;0.516632;0.197220;0.209814;0.331331;0.290868;0.173502;0.369085;1.160883;0.905363;1.154574;0.652997;1.230284;0.943218;0;28;68;6;
0;28;68;6;0_hor;0_ver;
3.000000;11.000000;0.407267;0.744909;0.659685;1.000000;0.195351;0.195498;0.485371;0.298852;0.100000;0.195595;0.953304;2.493392;1.993833;0.878414;0.267841;0.313656;0;24;64;9;
0;24;64;9;0_hor;0_ver;
0.000000;6.000000;0.507376;0.509758;0.519640;0.512938;0.254002;0.272631;0.266636;0.241776;0.969697;1.121212;0.696970;1.181818;0.242424;0.242424;0.242424;0.272727;0;24;72;6;
0;24;72;6;0_hor;0_ver;
2.000000;4.000000;0.493975;0.512068;0.483663;0.512349;0.254592;0.254770;0.252544;0.254806;1.125000;1.062500;1.000000;0.625000;0.375000;0.437500;0.625000;0.500000;0;24;76;6;
0;24;76;6;0_hor;0_ver;
7.000000;9.000000;0.443448;0.586967;0.585321;0.431154;0.243033;0.185530;0.335311;0.242174;0.146479;0.659155;1.329577;0.298592;1.552113;0.707042;0.571831;0.402817;0;28;72;6;
0;28;72;6;0_hor;0_ver;
3.000000;7.000000;0.459452;0.574866;0.516311;0.532913;0.240764;0.219298;0.258239;0.311541;0.108434;0.108434;0.168675;0.590361;0.939759;0.674699;0.746988;1.409639;0;28;76;6;
0;28;76;6;0_hor;0_ver;
3.000000;8.000000;0.452847;0.593598;0.586535;0.480605;0.250241;0.219489;0.320138;0.241893;0.142105;0.126316;0.647368;1.394737;1.784211;0.878947;0.305263;0.321053;0;24;72;9;
0;24;72;9;0_hor;0_ver;
3.000000;11.000000;0.611792;1.000000;0.702293;1.000000;0.310331;0.268929;0.369375;0.225623;0.763038;0.525160;0.142726;1.102470;1.709973;0.749314;0.537054;0.442818;0;16;64;12;
3.000000;9.000000;0.518571;0.494807;0.490592;0.535546;0.258076;0.264409;0.223458;0.260979;0.464623;0.811321;1.481132;1.129717;0.268868;0.448113;0.471698;0.290094;0;16;80;6;
0;16;80;6;0_hor;0_ver;
3.000000;9.000000;0.489258;0.527945;0.515711;0.493185;0.261121;0.230743;0.251002;0.261733;0.375824;1.134066;0.905495;1.140659;0.503297;0.859341;0.558242;1.283517;0;16;84;6;
0;16;84;6;0_hor;0_ver;
3.000000;9.000000;0.496284;0.519364;0.457903;0.561380;0.220046;0.270980;0.246854;0.259947;0.720988;0.491358;0.883951;1.029630;1.659259;0.656790;0.664198;0.760494;0;20;80;6;
0;20;80;6;0_hor;0_ver;
3.000000;11.000000;0.600566;0.447601;0.571912;0.468402;0.295774;0.285481;0.270073;0.159116;0.957093;0.985114;0.544658;0.450963;0.450088;0.941331;0.961471;0.207531;0;20;84;6;
0;20;84;6;0_hor;0_ver;
3.000000;10.000000;0.536458;0.550943;0.501741;0.567180;0.246477;0.270221;0.259527;0.277837;0.519950;0.684539;0.912718;1.273067;0.485037;0.405237;0.845387;2.058604;0;16;80;9;
0;16;80;9;0_hor;0_ver;
6.000000;10.000000;0.558466;0.521332;0.602078;0.440136;0.289029;0.224073;0.269993;0.221930;1.424508;1.392779;0.738512;0.100000;2.263676;0.100000;0.100000;0.100000;0;16;88;6;
0;16;88;6;0_hor;0_ver;
3.000000;6.000000;0.486504;0.527569;0.490534;0.519275;0.222882;0.248901;0.270512;0.265385;1.112903;0.677419;0.661290;0.500000;0.225806;0.870968;1.451613;0.790323;0;16;92;6;
0;16;92;6;0_hor;1_ver;
2.000000;5.000000;0.521302;0.505953;0.524312;0.469993;0.285279;0.233928;0.251508;0.236071;0.789474;0.947368;1.052632;1.105263;1.000000;1.000000;0.473684;0.578947;0;20;88;6;
0;20;88;6;1_hor;1_ver;
3.000000;5.000000;0.531280;0.511237;0.457681;0.553520;0.243583;0.283843;0.222549;0.266507;0.923077;0.807692;1.000000;1.192308;0.500000;0.769231;1.153846;1.038462;0;20;92;6;
0;20;92;6;0_hor;0_ver;
3.000000;9.000000;0.641835;1.000000;0.563236;0.520020;0.323641;0.279142;0.234219;0.245877;2.477032;0.713781;0.100000;0.100000;3.448763;0.109541;0.100000;0.275618;0;16;88;9;
0;16;88;9;0_hor;0_ver;
5.000000;9.000000;0.509748;0.500853;0.418601;0.589565;0.231849;0.285174;0.179465;0.300513;1.217270;0.774373;0.618384;1.303621;0.100000;0.272981;0.183844;1.228412;0;24;80;6;
0;24;80;6;0_hor;1_ver;
3.000000;10.000000;0.450739;0.551261;0.515474;0.513271;0.228523;0.222737;0.274085;0.274696;0.615063;0.997211;1.580195;0.425384;0.539749;1.393305;1.145049;0.623431;0;24;84;6;
0;24;84;6;1_hor;0_ver;
5.000000;10.000000;0.488566;0.519277;0.469844;0.562541;0.208076;0.275896;0.244586;0.273585;1.377570;1.153271;0.721495;0.269159;0.685981;0.424299;0.312150;0.538318;0;28;80;6;
0;28;80;6;0_hor;0_ver;
3.000000;9.000000;0.594936;0.434318;0.528321;0.528613;0.276484;0.298572;0.237219;0.190655;1.608333;0.330556;0.377778;0.452778;0.330556;0.663889;1.638889;0.891667;0;28;84;6;
0;28;84;6;0_hor;0_ver;
3.000000;10.000000;0.568658;0.517540;0.461236;0.610637;0.212836;0.365074;0.218199;0.280702;1.174512;1.084960;1.076923;0.404133;0.388060;0.508611;0.521240;0.680827;0;24;80;9;
0;24;80;9;0_hor;0_ver;
3.000000;7.000000;0.465000;0.561273;0.585162;0.435150;0.230910;0.231453;0.330600;0.213494;0.255556;0.855556;1.477778;1.344444;1.877778;0.100000;0.100000;0.211111;0;24;88;6;
0;24;88;6;0_hor;0_ver;
3.000000;6.000000;0.474750;0.534510;0.518284;0.482249;0.247248;0.233149;0.272099;0.251183;0.953488;1.069767;1.093023;0.813953;0.930233;0.930233;0.651163;0.279070;0;24;92;6;
0;24;92;6;0_hor;0_ver;
3.000000;7.000000;0.531471;0.470100;0.557370;0.492050;0.273688;0.246197;0.260848;0.235911;0.610000;0.220000;0.140000;0.860000;1.110000;0.820000;0.900000;0.880000;0;28;88;6;
0;28;88;6;0_hor;0_ver;
3.000000;10.000000;0.445975;0.602444;0.551866;0.534057;0.218054;0.219736;0.299869;0.282570;0.100000;0.100000;0.100000;1.143533;1.236593;1.225552;0.979495;0.518927;0;28;92;6;
0;28;92;6;1_hor;0_ver;
3.000000;8.000000;0.535155;0.557689;0.528545;0.588167;0.289574;0.240305;0.256663;0.289351;0.217021;0.361702;0.165957;2.302128;0.553191;0.246809;1.787234;1.234043;0;24;88;9;
0;24;88;9;0_hor;0_ver;
3.000000;11.000000;0.580542;1.000000;0.671579;1.000000;0.307415;0.241936;0.333516;0.252051;1.100437;0.831441;1.200873;0.756332;0.468996;0.827074;0.268996;0.180786;0;16;80;12;
1.000000;9.000000;0.459597;0.537805;0.585343;0.448236;0.237244;0.239851;0.318298;0.207307;0.161290;0.824047;1.310850;1.322581;1.237537;0.929619;0.601173;0.826979;0;0;96;6;
0;0;96;6;0_hor;0_ver;
3.000000;9.000000;0.540233;0.491255;0.538933;0.521741;0.277522;0.279091;0.252085;0.245520;0.142857;0.729323;1.669173;0.154135;0.939850;0.921053;1.157895;0.943609;0;0;100;6;
0;0;100;6;1_hor;0_ver;
3.000000;9.000000;0.467759;0.570895;0.522043;0.502908;0.222358;0.240392;0.284897;0.259436;0.793911;1.292740;1.180328;0.426230;1.332553;0.255269;0.564403;0.400468;0;4;96;6;
0;4;96;6;0_hor;0_ver;
3.000000;8.000000;0.474183;0.574103;0.527428;0.525875;0.223283;0.231368;0.286445;0.285014;0.484848;0.127273;0.133333;1.636364;1.351515;0.878788;0.787879;0.727273;0;4;100;6;
0;4;100;6;0_hor;0_ver;
3.000000;9.000000;0.494437;0.593072;0.615252;1.000000;0.274961;0.219311;0.350384;0.250460;0.368286;1.199489;1.043478;0.797954;1.166240;0.703325;0.746803;0.948849;0;0;96;9;
0;0;96;9;0_hor;0_ver;
5.000000;9.000000;0.522652;0.497316;0.511239;0.514149;0.255336;0.264794;0.250785;0.235131;1.205776;1.509025;0.451264;0.418773;0.490975;0.469314;1.101083;0.541516;0;8;96;6;
0;8;96;6;0_hor;0_ver;
7.000000;9.000000;0.544121;0.488698;0.443897;0.561907;0.229567;0.316430;0.234048;0.258499;0.760234;0.988304;1.099415;1.070175;0.614035;0.766082;0.982456;1.289474;0;8;100;6;
0;8;100;6;0_hor;0_ver;
7.000000;8.000000;0.478999;0.519948;0.512943;0.519692;0.250269;0.220579;0.268923;0.260016;0.337553;0.565401;0.776371;2.189873;1.350211;0.561181;0.556962;0.628692;0;12;96;6;
0;12;96;6;0_hor;0_ver;
3.000000;9.000000;0.523377;0.536653;0.617680;0.420804;0.296078;0.206932;0.301241;0.213960;0.900293;1.246334;0.739003;0.636364;0.357771;0.715542;0.366569;0.178886;0;12;100;6;
0;12;100;6;0_hor;0_ver;
3.000000;9.000000;0.567925;0.518115;0.566566;0.521654;0.291238;0.257187;0.275224;0.238654;0.802521;0.716387;1.060924;1.006302;0.588235;0.718487;0.630252;0.544118;0;8;96;9;
0;8;96;9;0_hor;0_ver;
3.000000;9.000000;0.549758;0.471301;0.473438;0.559037;0.252173;0.294959;0.213644;0.243315;1.295039;0.817232;0.566580;0.383812;0.100000;0.281984;0.981723;0.584856;0;16;96;6;
0;16;96;6;0_hor;0_ver;
3.000000;8.000000;0.529654;0.519403;0.562728;0.525463;0.270287;0.243482;0.279077;0.222162;0.885167;1.186603;0.909091;0.617225;0.909091;1.038278;0.598086;0.540670;0;16;100;6;
0;16;100;6;0_hor;0_ver;
3.000000;7.000000;0.536665;0.510434;0.515191;0.533574;0.236456;0.277663;0.241117;0.250621;1.149425;0.942529;0.770115;0.724138;0.310345;0.482759;0.402299;0.804598;0;20;96;6;
0;20;96;6;0_hor;0_ver;
3.000000;8.000000;0.487700;0.532750;0.513306;0.514190;0.257244;0.228139;0.256165;0.261926;0.158228;0.575949;1.063291;1.348101;0.822785;0.626582;0.784810;0.100000;0;20;100;6;
0;20;100;6;1_hor;0_ver;
3.000000;10.000000;0.584231;0.525646;0.493167;0.605919;0.260264;0.303493;0.235947;0.278467;0.951563;1.046875;0.573438;0.539062;0.150000;0.578125;0.596875;0.373437;0;16;96;9;
0;16;96;9;0_hor;0_ver;
6.000000;7.000000;0.525939;0.495128;0.496900;0.503058;0.246412;0.282283;0.236774;0.239825;1.169014;1.295775;0.830986;0.450704;0.478873;0.478873;0.957747;0.690141;0;24;96;6;
0;24;96;6;0_hor;1_ver;
3.000000;8.000000;0.540640;0.540377;0.461486;0.581853;0.229618;0.268557;0.224383;0.276193;1.008734;0.855895;0.995633;1.087336;0.148472;0.397380;0.668122;0.733624;0;24;100;6;
0;24;100;6;0_hor;0_ver;
5.000000;7.000000;0.475411;0.543562;0.551847;0.535474;0.219273;0.253943;0.309603;0.219444;0.364583;0.416667;0.447917;2.281250;2.052083;1.093750;0.520833;0.322917;0;28;96;6;
0;28;96;6;0_hor;0_ver;
3.000000;8.000000;0.509528;0.514665;0.516103;0.526129;0.247124;0.256892;0.243410;0.258164;1.443662;0.816901;0.654930;0.598592;0.345070;0.781690;0.338028;1.345070;0;28;100;6;
0;28;100;6;0_hor;0_ver;
3.000000;8.000000;0.554152;0.551378;0.506143;0.594851;0.236298;0.321302;0.242766;0.275408;1.190909;1.200000;0.690909;0.531818;0.427273;0.286364;0.450000;1.286364;0;24;96;9;
0;24;96;9;0_hor;0_ver;
2.000000;7.000000;0.535540;0.507210;0.485239;0.511376;0.254580;0.278231;0.247073;0.239670;1.166667;1.227273;0.803030;0.833333;0.727273;0.681818;0.727273;0.348485;0;32;0;6;
0;32;0;6;0_hor;0_ver;
3.000000;9.000000;0.528612;0.519367;0.493322;0.521355;0.244931;0.272407;0.233555;0.249096;1.739362;1.252660;0.579787;0.138298;0.100000;0.100000;0.143617;1.529255;0;32;4;6;
0;32;4;6;0_hor;1_ver;
2.000000;6.000000;0.491931;0.533947;0.510284;0.486183;0.246090;0.254809;0.268622;0.246890;1.016667;1.083333;0.916667;0.983333;1.633333;0.633333;0.233333;0.450000;0;36;0;6;
0;36;0;6;0_hor;1_ver;
3.000000;8.000000;0.468213;0.570343;0.464046;0.558971;0.217431;0.238364;0.251871;0.311102;0.153409;0.170455;0.784091;1.562500;0.159091;1.056818;1.721591;0.272727;0;36;4;6;
0;36;4;6;0_hor;0_ver;
3.000000;8.000000;0.503410;0.568815;0.473701;0.569565;0.236388;0.225785;0.251293;0.323438;1.905028;0.530726;0.273743;1.067039;0.435754;0.201117;0.592179;2.324022;0;32;0;9;
0;32;0;9;0_hor;0_ver;
3.000000;8.000000;0.563318;0.474514;0.594036;0.437860;0.323635;0.233295;0.239405;0.221028;0.815068;0.349315;0.472603;1.438356;1.136986;0.561644;0.226027;0.171233;0;32;8;6;
0;32;8;6;0_hor;1_ver;
7.000000;8.000000;0.439733;0.613004;0.411851;0.625843;0.239093;0.232554;0.220734;0.372018;0.116788;0.100000;0.175182;1.248175;0.167883;0.240876;0.649635;2.766423;0;32;12;6;
0;32;12;6;0_hor;0_ver;
3.000000;9.000000;0.427108;0.605469;0.580640;0.487968;0.246597;0.177578;0.297618;0.286495;1.205189;1.191038;0.528302;0.429245;0.141509;0.483491;0.561321;0.615566;0;36;8;6;
0;36;8;6;0_hor;0_ver;
3.000000;7.000000;0.535294;0.508698;0.516015;0.546914;0.221320;0.301430;0.267113;0.224039;0.662791;0.337209;0.430233;2.406977;1.930233;0.209302;0.162791;0.802326;0;36;12;6;
0;36;12;6;0_hor;0_ver;
3.000000;9.000000;0.484925;0.610185;0.598615;1.000000;0.239527;0.227660;0.362527;0.263698;0.184265;0.302277;1.035197;1.202899;1.254658;0.745342;0.215321;0.339545;0;32;8;9;
0;32;8;9;0_hor;0_ver;
7.000000;6.000000;0.497639;0.519729;0.515449;0.486032;0.266167;0.226897;0.281056;0.260037;1.016949;0.830508;0.932203;1.237288;1.101695;0.508475;0.966102;0.372881;0;40;0;6;
0;40;0;6;0_hor;1_ver;
7.000000;10.000000;0.520904;0.496655;0.447717;0.569178;0.223417;0.297663;0.225012;0.259113;0.759470;0.903409;1.215909;1.106061;0.100000;0.606061;0.734848;1.517045;0;40;4;6;
0;40;4;6;0_hor;0_ver;
3.000000;6.000000;0.485475;0.530816;0.503980;0.502554;0.241175;0.240990;0.245691;0.264991;1.134615;1.307692;0.923077;0.576923;0.365385;0.519231;1.480769;0.942308;0;44;0;6;
0;44;0;6;0_hor;0_ver;
3.000000;10.000000;0.542654;0.522474;0.505229;0.533516;0.233906;0.286631;0.252638;0.233066;0.960894;0.895717;0.962756;1.150838;0.109870;0.521415;0.756052;0.208566;0;44;4;6;
0;44;4;6;0_hor;0_ver;
3.000000;9.000000;0.546281;0.532825;0.428185;0.641387;0.209897;0.330238;0.214920;0.313930;0.790554;1.051335;1.012320;1.129363;0.100000;0.127310;0.519507;0.983573;0;40;0;9;
0;40;0;9;0_hor;0_ver;
3.000000;8.000000;0.578054;0.458919;0.574593;0.476087;0.321445;0.266149;0.218202;0.204324;2.053846;0.838462;0.407692;0.215385;1.600000;0.623077;0.215385;0.430769;0;40;8;6;
0;40;8;6;0_hor;0_ver;
3.000000;8.000000;0.629594;0.430683;0.564765;0.484455;0.311172;0.275640;0.209640;0.208138;1.913333;0.100000;0.153333;0.460000;1.213333;1.360000;0.693333;0.693333;0;40;12;6;
0;40;12;6;0_hor;0_ver;
3.000000;6.000000;0.580766;0.473507;0.536433;0.499305;0.280870;0.282839;0.250874;0.203517;1.444444;1.666667;0.311111;0.155556;0.688889;0.244444;0.466667;1.666667;0;44;8;6;
0;44;8;6;0_hor;0_ver;
3.000000;9.000000;0.451368;0.597303;0.383929;0.682806;0.195519;0.250238;0.189617;0.366823;0.327434;0.898230;1.168142;1.398230;0.150442;0.353982;1.287611;2.081858;0;44;12;6;
0;44;12;6;0_hor;0_ver;
3.000000;9.000000;0.522468;0.601957;0.497128;0.631242;0.280724;0.254587;0.230386;0.320766;1.197761;0.488806;0.757463;1.108209;0.320896;0.332090;0.947761;1.955224;0;40;8;9;
0;40;8;9;0_hor;0_ver;
3.000000;11.000000;0.539161;1.000000;0.565711;1.000000;0.261438;0.254268;0.318274;0.322759;1.388686;0.850365;0.959854;0.722628;0.100000;0.491788;0.315693;0.252737;0;32;0;12;
3.000000;9.000000;0.556633;0.518829;0.490400;0.585259;0.198864;0.314978;0.268539;0.217759;0.971751;1.101695;0.127119;1.050847;1.460452;0.632768;0.827684;0.692090;0;32;16;6;
0;32;16;6;0_hor;0_ver;
3.000000;9.000000;0.420747;0.602197;0.458983;0.582726;0.193919;0.238325;0.262676;0.325470;0.616000;0.522000;0.382000;1.006000;0.600000;0.532000;1.134000;1.114000;0;32;20;6;
0;32;20;6;0_hor;0_ver;
3.000000;9.000000;0.532903;0.501572;0.479460;0.563811;0.244522;0.297349;0.227743;0.247691;1.225316;0.521519;0.746835;1.240506;0.382278;1.569620;0.898734;0.726582;0;36;16;6;
0;36;16;6;0_hor;0_ver;
7.000000;12.000000;0.537206;0.495929;0.515797;0.498204;0.288084;0.249822;0.240663;0.232721;0.750109;1.042813;1.047182;1.020096;0.661861;0.752294;0.390127;0.120577;0;36;20;6;
0;36;20;6;0_hor;0_ver;
3.000000;10.000000;0.495553;0.637671;0.520166;0.610008;0.210717;0.273699;0.292523;0.336165;0.406780;0.333686;1.290254;1.506356;0.493644;0.346398;1.949153;0.990466;0;32;16;9;
0;32;16;9;0_hor;0_ver;
3.000000;10.000000;0.537247;0.516021;0.427957;0.624650;0.219469;0.312602;0.207653;0.261304;1.724599;1.081551;0.556150;0.237968;0.141711;0.100000;1.832888;1.363636;0;32;24;6;
0;32;24;6;0_hor;0_ver;
3.000000;9.000000;0.446128;0.578258;0.552023;0.477041;0.224529;0.225431;0.316629;0.233541;0.664474;0.813596;1.019737;1.392544;2.026316;0.399123;0.394737;0.337719;0;32;28;6;
0;32;28;6;0_hor;0_ver;
3.000000;7.000000;0.526688;0.481730;0.502964;0.518992;0.264327;0.249630;0.234633;0.250116;1.176991;0.920354;0.539823;0.460177;0.353982;0.513274;0.752212;1.362832;0;36;24;6;
0;36;24;6;0_hor;0_ver;
3.000000;10.000000;0.537436;0.545696;0.441321;0.601239;0.230099;0.256618;0.185280;0.324372;1.063073;1.241972;0.865826;0.471330;0.100000;0.677752;0.769495;0.705275;0;36;28;6;
0;36;28;6;0_hor;0_ver;
3.000000;10.000000;0.603923;1.000000;0.531539;0.599924;0.335396;0.279647;0.211600;0.280932;1.171131;1.025298;0.867560;0.620536;0.232143;1.037202;1.483631;0.913690;0;32;24;9;
0;32;24;9;0_hor;0_ver;
3.000000;11.000000;0.530354;0.501020;0.525090;0.550995;0.226644;0.299460;0.241393;0.233310;0.602300;0.993947;0.931598;1.202179;0.300242;1.917070;0.280266;0.460048;0;40;16;6;
0;40;16;6;0_hor;0_ver;
3.000000;11.000000;0.565028;0.470985;0.625631;0.395617;0.349467;0.202893;0.270049;0.189240;1.815562;0.711816;0.598703;0.456772;1.636888;1.680836;0.100000;0.100000;0;40;20;6;
0;40;20;6;0_hor;1_ver;
3.000000;10.000000;0.592682;0.458831;0.554706;0.473888;0.297512;0.277990;0.250236;0.185022;2.402507;0.821727;0.204735;0.254875;1.892758;0.547354;0.621170;0.427577;0;44;16;6;
0;44;16;6;0_hor;0_ver;
3.000000;10.000000;0.539785;0.509808;0.558958;0.479047;0.294917;0.231297;0.244744;0.228162;1.105714;0.774286;0.777143;1.281429;2.352857;0.162857;0.177143;0.360000;0;44;20;6;
0;44;20;6;0_hor;0_ver;
3.000000;11.000000;0.600450;1.000000;0.593917;0.526409;0.329939;0.286407;0.273626;0.232561;1.257622;1.246951;0.934451;0.526677;1.166921;0.440549;1.384909;0.156250;0;40;16;9;
0;40;16;9;0_hor;0_ver;
3.000000;7.000000;0.504852;0.516062;0.504826;0.502995;0.226797;0.267396;0.269775;0.242225;0.464646;1.020202;1.212121;1.292929;0.373737;0.474747;0.404040;0.434343;0;40;24;6;
0;40;24;6;0_hor;1_ver;
3.000000;9.000000;0.477075;0.545386;0.486064;0.551533;0.245774;0.229256;0.229734;0.291498;1.339552;0.828358;0.582090;1.156716;0.238806;0.444030;0.847015;2.115672;0;40;28;6;
0;40;28;6;0_hor;0_ver;
3.000000;8.000000;0.518474;0.538152;0.503010;0.515757;0.279224;0.230457;0.228936;0.268485;1.234568;1.444444;0.769547;0.534979;0.802469;0.152263;0.152263;0.481481;0;44;24;6;
0;44;24;6;0_hor;0_ver;
3.000000;10.000000;0.570526;0.493704;0.545801;0.504817;0.294102;0.282355;0.237635;0.196251;0.872727;1.421212;0.898485;0.207576;0.560606;0.563636;0.304545;0.100000;0;44;28;6;
0;44;28;6;0_hor;0_ver;
3.000000;10.000000;0.556158;0.548975;0.525849;0.593364;0.224532;0.300921;0.279742;0.260244;0.575806;0.491935;1.345161;1.437097;0.277419;0.114516;0.430645;0.840323;0;40;24;9;
0;40;24;9;0_hor;0_ver;
3.000000;10.000000;0.631658;1.000000;0.653609;1.000000;0.313109;0.292500;0.315518;0.259532;0.774477;1.029703;1.091309;1.086909;0.894389;1.500550;0.354235;1.073707;0;32;16;12;
3.000000;6.000000;0.550747;0.520880;0.523148;0.509935;0.268619;0.245373;0.228408;0.255888;1.018182;1.381818;0.981818;0.563636;1.163636;0.690909;0.654545;0.418182;0;48;0;6;
0;48;0;6;0_hor;0_ver;
3.000000;10.000000;0.511877;0.543119;0.587281;0.429792;0.275998;0.219123;0.306717;0.205926;1.082391;1.014540;0.920840;0.977383;0.100000;1.168013;0.100000;0.100000;0;48;4;6;
0;48;4;6;0_hor;1_ver;
6.000000;7.000000;0.567769;0.484516;0.515264;0.490784;0.273052;0.268293;0.236671;0.237172;0.637681;1.101449;1.246377;0.971014;0.507246;0.855072;1.260870;0.376812;0;52;0;6;
0;52;0;6;0_hor;0_ver;
3.000000;9.000000;0.550073;0.481062;0.423867;0.613820;0.241427;0.330233;0.175533;0.279983;1.836735;0.772595;0.373178;0.370262;0.154519;0.100000;1.256560;1.008746;0;52;4;6;
0;52;4;6;0_hor;1_ver;
3.000000;9.000000;0.516388;0.575378;0.464110;0.612065;0.231591;0.270846;0.226310;0.317782;1.475949;1.245570;0.774684;0.260760;0.177215;0.144304;0.789873;1.103797;0;48;0;9;
0;48;0;9;0_hor;0_ver;
6.000000;7.000000;0.448002;0.557746;0.470486;0.539202;0.191624;0.256526;0.258182;0.301605;0.100000;0.536842;0.905263;1.073684;0.105263;0.442105;1.189474;1.400000;0;48;8;6;
0;48;8;6;0_hor;0_ver;
3.000000;10.000000;0.473669;0.530202;0.506574;0.516907;0.226537;0.243253;0.270897;0.260812;1.123245;1.129485;0.987520;0.720749;0.244930;1.193448;0.881435;0.424337;0;48;12;6;
0;48;12;6;0_hor;0_ver;
3.000000;10.000000;0.477484;0.554281;0.520272;0.537542;0.220784;0.253458;0.292343;0.265167;0.169697;1.327273;0.793939;0.656061;0.425758;0.703030;0.856061;1.342424;0;52;8;6;
0;52;8;6;0_hor;0_ver;
3.000000;10.000000;0.506046;0.543242;0.451440;0.569774;0.236506;0.247775;0.197260;0.331188;0.624817;0.316788;1.170803;1.845255;0.440876;0.583942;0.665693;1.900730;0;52;12;6;
0;52;12;6;0_hor;0_ver;
3.000000;10.000000;0.485846;0.638800;0.493618;0.606799;0.154608;0.276734;0.314860;0.343644;0.707317;0.712946;1.078799;1.442777;0.448405;0.956848;0.928705;1.472795;0;48;8;9;
0;48;8;9;0_hor;0_ver;
3.000000;8.000000;0.501311;0.583771;0.620405;0.390355;0.267962;0.188704;0.349935;0.195158;0.479532;0.251462;0.175439;2.719298;2.040936;0.233918;0.116959;0.100000;0;56;0;6;
0;56;0;6;0_hor;0_ver;
3.000000;9.000000;0.550026;0.506185;0.388993;0.615601;0.188763;0.328879;0.203296;0.286250;0.443262;1.301418;1.489362;0.719858;0.100000;0.100000;0.209220;1.152482;0;56;4;6;
0;56;4;6;0_hor;0_ver;
4.000000;10.000000;0.546637;0.468803;0.505970;0.525730;0.252674;0.300731;0.256680;0.210001;1.818526;1.037807;0.485822;0.483932;0.810964;0.667297;1.705104;0.568998;0;56;8;6;
0;56;8;6;0_hor;0_ver;
3.000000;9.000000;0.570792;0.474918;0.556607;0.489749;0.285831;0.270959;0.252461;0.201434;2.089520;0.696507;0.624454;0.489083;0.829694;0.840611;1.242358;0.100000;0;56;12;6;
0;56;12;6;0_hor;0_ver;
3.000000;11.000000;0.773115;1.000000;0.493771;0.704943;0.324356;0.395396;1.000000;1.000000;0.696545;0.914099;1.185808;1.184874;0.205416;0.467787;0.485528;0.481793;0;48;0;12;
0_ver;
3.000000;10.000000;0.439014;0.580659;0.513275;0.505784;0.215111;0.219587;0.300700;0.272717;0.599271;0.974499;1.260474;1.009107;0.262295;0.438980;0.417122;0.420765;0;48;16;6;
0;48;16;6;1_hor;0_ver;
4.000000;10.000000;0.467276;0.574805;0.533762;0.499915;0.229598;0.186021;0.287285;0.306690;0.809471;0.730176;1.121145;1.306167;1.017621;0.648678;1.553965;0.568282;0;48;20;6;
0;48;20;6;0_hor;0_ver;
3.000000;10.000000;0.600384;0.426185;0.578663;0.457209;0.295177;0.295085;0.263251;0.173803;1.118123;1.119741;0.961165;0.135922;1.011327;1.197411;1.046926;0.660194;0;52;16;6;
0;52;16;6;0_hor;0_ver;
3.000000;9.000000;0.596424;0.437978;0.536117;0.504557;0.311696;0.280786;0.217028;0.217664;3.249191;0.190939;0.148867;0.113269;2.572815;0.485437;0.116505;0.394822;0;52;20;6;
0;52;20;6;0_hor;0_ver;
3.000000;10.000000;0.565541;0.555137;0.597577;1.000000;0.252173;0.287504;0.327022;0.223600;1.181340;1.373193;0.910644;0.289093;0.634691;0.678055;1.201051;1.028909;0;48;16;9;
0;48;16;9;0_hor;0_ver;
5.000000;10.000000;0.555715;0.472789;0.630993;0.432949;0.287658;0.283734;0.312905;0.140783;0.639485;0.856938;0.858369;0.659514;0.618026;0.901288;0.938484;0.180258;0;48;24;6;
0;48;24;6;0_hor;0_ver;
2.000000;7.000000;0.564823;0.492627;0.467576;0.525477;0.234222;0.282530;0.246973;0.245867;1.735294;0.686275;0.362745;0.313726;0.100000;0.127451;0.931373;0.833333;0;48;28;6;
0;48;28;6;0_hor;0_ver;
3.000000;8.000000;0.480423;0.541305;0.604201;0.441736;0.283102;0.175635;0.292574;0.250426;0.258278;0.192053;0.311258;0.344371;0.748344;1.198676;1.139073;0.662252;0;52;24;6;
0;52;24;6;0_hor;0_ver;
3.000000;7.000000;0.444787;0.571511;0.408867;0.611628;0.169233;0.277549;0.241403;0.331041;0.100000;0.103774;0.100000;0.301887;1.056604;1.103774;0.849057;1.009434;0;52;28;6;
0;52;28;6;1_hor;0_ver;
3.000000;9.000000;0.627509;0.516446;0.678300;1.000000;0.392565;0.193148;0.268850;0.226642;2.164384;0.865753;0.120548;0.158904;1.197260;0.816438;0.279452;0.717808;0;48;24;9;
0;48;24;9;0_hor;0_ver;
0.000000;6.000000;0.488917;0.537846;0.498515;0.511729;0.241621;0.243815;0.256978;0.280284;0.400000;0.216667;0.866667;1.433333;0.216667;0.383333;0.583333;1.800000;0;56;16;6;
0;56;16;6;0_hor;0_ver;
0.000000;6.000000;0.487090;0.528508;0.511611;0.493116;0.249332;0.251845;0.277751;0.247997;0.648649;0.837838;1.378378;0.918919;1.972973;0.702703;0.513514;0.567568;0;56;20;6;
0;56;20;6;0_hor;1_ver;
3.000000;7.000000;0.520371;0.497556;0.461702;0.554235;0.237342;0.281537;0.217379;0.266862;0.402778;1.375000;1.013889;0.111111;0.208333;0.680556;0.819444;2.041667;0;56;24;6;
0;56;24;6;1_hor;1_ver;
3.000000;9.000000;0.577760;0.495669;0.468793;0.551572;0.225507;0.332624;0.234398;0.231055;0.540094;0.686321;0.556604;0.264151;1.264151;0.780660;1.054245;0.801887;0;56;28;6;
0;56;28;6;0_hor;0_ver;
3.000000;10.000000;0.825595;1.000000;0.686639;1.000000;0.512156;0.289633;1.000000;1.000000;2.156140;0.757895;0.440351;0.196491;0.610526;0.828070;0.724561;1.592982;0;48;16;12;
3.000000;10.000000;0.529436;0.519196;0.516369;0.531689;0.261284;0.255333;0.239666;0.277583;1.049336;0.958254;1.056926;0.755218;1.599620;0.373814;0.910816;0.717268;0;32;32;6;
0;32;32;6;0_hor;0_ver;
3.000000;10.000000;0.519249;0.535290;0.441456;0.578469;0.236071;0.272021;0.215992;0.309313;0.736566;0.613368;1.321101;0.934469;0.488860;0.119266;0.834862;1.250328;0;32;36;6;
0;32;36;6;0_hor;0_ver;
3.000000;10.000000;0.486030;0.564508;0.542156;0.516759;0.239053;0.221634;0.274599;0.279446;0.561290;0.670968;0.277419;0.370968;0.969355;0.935484;0.956452;1.000000;0;36;32;6;
0;36;32;6;0_hor;0_ver;
3.000000;10.000000;0.511558;0.513241;0.478312;0.568909;0.210260;0.309203;0.248248;0.246228;0.991416;1.184549;1.191702;0.605150;0.402003;0.174535;0.822604;1.357654;0;36;36;6;
0;36;36;6;0_hor;0_ver;
3.000000;10.000000;0.536327;0.591193;0.556395;0.602692;0.251082;0.240581;0.295146;0.339198;0.804064;1.008708;0.853411;0.846154;1.039187;0.821480;0.416546;1.159652;0;32;32;9;
0;32;32;9;0_hor;0_ver;
2.000000;10.000000;0.525443;0.548509;0.529070;0.467358;0.264033;0.235639;0.280345;0.243399;1.144756;1.057607;0.980798;0.793205;0.189069;0.652880;0.252585;1.214180;0;32;40;6;
0;32;40;6;0_hor;0_ver;
2.000000;8.000000;0.490321;0.549818;0.472300;0.525106;0.252604;0.233136;0.226539;0.299983;1.046948;1.004695;1.431925;0.441315;0.723005;0.206573;0.751174;1.798122;0;32;44;6;
0;32;44;6;0_hor;0_ver;
3.000000;10.000000;0.567499;0.483366;0.570916;0.465000;0.289768;0.243813;0.270703;0.205813;0.521891;1.003503;1.276708;1.057793;0.980736;0.726795;0.283713;0.767075;0;36;40;6;
0;36;40;6;0_hor;0_ver;
3.000000;8.000000;0.546211;0.509781;0.499691;0.543362;0.252197;0.271958;0.220974;0.285403;0.519481;0.759740;1.233766;1.311688;0.824675;0.103896;0.337662;2.662338;0;36;44;6;
0;36;44;6;0_hor;0_ver;
3.000000;9.000000;0.561557;0.555474;0.611984;1.000000;0.265813;0.285891;0.306809;0.239579;1.199017;0.992629;0.687961;1.093366;1.493858;1.557740;0.230958;0.636364;0;32;40;9;
0;32;40;9;0_hor;0_ver;
3.000000;11.000000;0.525583;0.554371;0.571112;0.500497;0.238260;0.266702;0.283958;0.219120;0.109415;0.192875;0.870738;0.309415;0.750636;0.951654;1.053944;1.055980;0;40;32;6;
0;40;32;6;0_hor;0_ver;
3.000000;11.000000;0.532542;0.514862;0.523752;0.592932;0.247027;0.266076;0.211543;0.274942;0.277419;0.378065;0.736129;0.100000;1.538710;0.833548;0.660000;0.789677;0;40;36;6;
0;40;36;6;0_hor;0_ver;
3.000000;9.000000;0.532682;0.510048;0.522167;0.559822;0.257809;0.288240;0.266036;0.231481;1.006667;0.616667;0.173333;1.000000;0.140000;0.663333;1.236667;1.100000;0;44;32;6;
0;44;32;6;0_hor;0_ver;
3.000000;9.000000;0.584305;0.446669;0.504255;0.527085;0.280715;0.278205;0.215471;0.232073;0.948510;2.124661;0.121951;0.420054;1.032520;0.994580;0.783198;1.113821;0;44;36;6;
0;44;36;6;0_hor;0_ver;
3.000000;11.000000;0.736428;1.000000;0.563270;1.000000;0.362427;0.387852;0.183721;0.219733;0.318210;0.965052;0.323728;0.115880;1.477008;1.071735;0.844267;0.573268;0;40;32;9;
0;40;32;9;0_hor;0_ver;
6.000000;9.000000;0.503444;0.540331;0.611061;0.394615;0.289810;0.197092;0.311765;0.211440;1.090713;0.576674;0.319654;1.838013;1.863931;0.460043;0.269978;0.100000;0;40;40;6;
0;40;40;6;0_hor;0_ver;
3.000000;8.000000;0.510453;0.523216;0.460679;0.544789;0.237729;0.269689;0.253504;0.268637;1.035928;1.023952;1.143713;0.778443;1.586826;0.119760;0.467066;1.155689;0;40;44;6;
0;40;44;6;0_hor;1_ver;
3.000000;11.000000;0.526158;0.536579;0.440898;0.593350;0.219069;0.299940;0.191318;0.300028;1.484767;0.170251;0.659498;1.099462;0.301075;0.419355;0.877240;0.876344;0;44;40;6;
0;44;40;6;0_hor;0_ver;
3.000000;9.000000;0.610246;0.428956;0.502559;0.577409;0.312209;0.284718;0.155547;0.258124;1.383721;0.122093;0.107558;0.159884;1.116279;0.651163;0.880814;1.273256;0;44;44;6;
0;44;44;6;0_hor;0_ver;
3.000000;11.000000;0.524109;0.604302;0.645783;1.000000;0.310840;0.218575;0.341526;0.241907;0.268315;0.330586;0.859890;0.594322;1.736264;1.022894;0.444139;0.518315;0;40;40;9;
0;40;40;9;0_hor;0_ver;
3.000000;11.000000;0.644428;1.000000;0.636054;1.000000;0.335544;0.270348;0.295676;0.298193;0.498099;0.420532;1.115589;0.704943;1.244867;0.995437;0.902662;0.304182;0;32;32;12;
3.000000;9.000000;0.410668;0.633136;0.605297;0.486753;0.210175;0.199739;0.338579;0.257337;0.795620;0.549878;1.467153;0.605839;1.158151;1.849148;0.615572;0.277372;0;32;48;6;
0;32;48;6;0_hor;0_ver;
6.000000;8.000000;0.567831;0.496044;0.553223;0.454700;0.297191;0.232242;0.257037;0.228504;1.202479;0.871901;0.871901;0.739669;1.462810;0.371901;0.309917;0.301653;0;32;52;6;
0;32;52;6;0_hor;0_ver;
3.000000;10.000000;0.463707;0.625722;0.564422;0.488514;0.220304;0.220169;0.318809;0.250208;0.606557;0.771982;1.086438;1.472429;0.241431;1.634873;0.421759;0.192250;0;36;48;6;
0;36;48;6;0_hor;0_ver;
3.000000;8.000000;0.475290;0.573237;0.566462;0.483177;0.243733;0.214658;0.313248;0.250266;0.746939;0.861224;1.408163;0.828571;1.195918;0.959184;0.477551;0.555102;0;36;52;6;
0;36;52;6;0_hor;0_ver;
3.000000;9.000000;0.646714;1.000000;0.716366;1.000000;0.414602;0.200735;0.341597;0.202049;0.765743;0.861461;0.846348;1.445844;1.735516;0.768262;0.916877;0.261965;0;32;48;9;
0;32;48;9;0_hor;0_ver;
3.000000;5.000000;0.490752;0.525372;0.519084;0.514011;0.261498;0.250462;0.260902;0.273527;0.600000;0.666667;0.666667;0.833333;1.033333;0.700000;0.966667;0.700000;0;32;56;6;
0;32;56;6;1_hor;0_ver;
3.000000;12.000000;0.537129;0.574609;0.489636;0.546314;0.213145;0.257227;0.271503;0.280303;0.724219;1.036458;1.053646;0.949479;0.289844;0.608594;0.945573;0.177604;0;32;60;6;
0;32;60;6;0_hor;0_ver;
3.000000;8.000000;0.486857;0.536281;0.543762;1.000000;0.237191;0.238098;0.271425;0.262489;0.174194;0.100000;1.219355;1.761290;1.077419;0.987097;0.864516;0.935484;0;36;56;6;
0;36;56;6;0_hor;0_ver;
3.000000;12.000000;0.502658;0.549666;0.585695;0.479253;0.261517;0.215118;0.295463;0.229296;1.355437;1.097611;0.778418;0.720758;1.007825;0.600082;0.210873;0.137562;0;36;60;6;
0;36;60;6;0_hor;0_ver;
3.000000;11.000000;0.615875;1.000000;0.335121;0.793546;0.150057;0.434737;0.171212;0.392821;0.877976;1.013393;0.987103;0.979167;0.100000;0.100000;1.610119;0.942460;0;32;56;9;
0_ver;
3.000000;11.000000;0.428786;0.651280;0.662346;1.000000;0.250943;0.148553;0.352212;0.278908;0.889764;0.975662;0.972799;0.857552;0.959914;1.254832;0.676450;0.430923;0;40;48;6;
0;40;48;6;0_hor;0_ver;
3.000000;9.000000;0.367376;0.706186;0.686095;1.000000;0.201455;0.184712;0.438205;0.206679;0.112360;0.205993;0.138577;2.838951;2.913858;0.958802;0.100000;0.100000;0;40;52;6;
0;40;52;6;0_hor;0_ver;
3.000000;10.000000;0.572253;0.524470;0.444102;0.627233;0.270309;0.279508;0.136420;0.327783;0.560294;0.785294;0.754412;0.514706;0.917647;1.089706;1.097059;0.808824;0;44;48;6;
0;44;48;6;0_hor;0_ver;
3.000000;10.000000;0.525615;0.546704;0.625783;0.424804;0.319907;0.183155;0.308342;0.214746;1.117708;0.732292;1.180208;0.604167;1.026042;0.979167;0.381250;0.131250;0;44;52;6;
0;44;52;6;0_hor;0_ver;
3.000000;10.000000;0.560447;1.000000;0.645723;1.000000;0.342239;0.193784;0.291130;0.360776;0.797454;1.093750;1.173611;0.849537;1.553241;0.890046;1.157407;0.193287;0;40;48;9;
0;40;48;9;0_hor;0_ver;
3.000000;5.000000;0.484864;0.538470;0.480144;0.537439;0.241574;0.242855;0.260242;0.285380;0.615385;0.230769;1.000000;0.576923;1.423077;1.038462;0.576923;1.038462;0;40;56;6;
0;40;56;6;0_hor;0_ver;
7.000000;10.000000;0.533138;0.499645;0.561253;0.446793;0.282291;0.218817;0.285612;0.219286;1.127072;0.986740;0.987845;0.876243;2.435359;0.152486;0.108287;0.114917;0;40;60;6;
0;40;60;6;0_hor;1_ver;
3.000000;10.000000;0.480178;0.599686;0.478438;0.618612;0.202560;0.238587;0.265901;0.302488;0.300300;0.669670;1.720721;0.375375;0.175676;0.483483;1.084084;1.271772;0;44;56;6;
0;44;56;6;0_hor;0_ver;
2.000000;9.000000;0.511296;0.523946;0.558598;0.437799;0.269623;0.231620;0.298748;0.214766;0.830049;0.852217;0.908867;1.105911;1.413793;0.246305;0.532020;0.465517;0;44;60;6;
0;44;60;6;0_hor;1_ver;
3.000000;11.000000;0.487832;1.000000;0.506440;0.629719;0.159887;0.296772;0.329966;0.327723;1.101299;1.110823;0.684848;1.014719;0.122078;0.414719;0.822511;0.350649;0;40;56;9;
0;40;56;9;0_hor;0_ver;
3.000000;11.000000;0.640826;1.000000;0.711573;1.000000;0.302131;0.312746;0.380740;0.301098;0.904288;1.145482;0.971669;0.923430;0.619449;0.339969;0.179173;1.702910;0;32;48;12;
5.000000;9.000000;0.420729;0.596256;0.506460;0.548766;0.210777;0.219120;0.287189;0.311608;0.124711;0.161663;0.397229;1.362587;0.316397;0.990762;1.309469;1.069284;0;48;32;6;
0;48;32;6;1_hor;0_ver;
3.000000;10.000000;0.521265;0.534167;0.529967;0.531079;0.217745;0.261459;0.289832;0.247875;1.598566;0.242533;0.113501;0.735962;1.363202;0.701314;1.022700;0.811231;0;48;36;6;
0;48;36;6;0_hor;0_ver;
3.000000;10.000000;0.302974;0.713659;0.572055;0.534911;0.127055;0.172545;0.384435;0.330658;0.100000;0.100000;0.988691;1.344103;0.966074;1.410339;1.285945;0.316640;0;52;32;6;
0;52;32;6;1_hor;0_ver;
3.000000;9.000000;0.453762;0.595082;0.512051;0.598312;0.194843;0.239650;0.289826;0.309305;1.112022;0.229508;0.625683;0.336066;0.923497;0.967213;1.046448;1.021858;0;52;36;6;
0;52;36;6;0_hor;0_ver;
3.000000;10.000000;0.518705;0.647050;0.588118;1.000000;0.204108;0.304733;0.354213;0.290882;0.902680;0.885755;0.300423;0.657264;1.022567;0.833568;0.926657;0.832158;0;48;32;9;
0;48;32;9;0_hor;0_ver;
3.000000;10.000000;0.483704;0.577972;0.512795;0.533507;0.226108;0.229078;0.263970;0.294119;1.135379;0.781588;0.913357;0.842960;0.938628;0.891697;0.747292;1.025271;0;48;40;6;
0;48;40;6;0_hor;0_ver;
3.000000;7.000000;0.396719;0.624536;0.340887;0.720919;0.101058;0.303878;0.220569;0.384979;0.593407;0.527473;0.659341;1.934066;0.318681;0.230769;1.417582;1.879121;0;48;44;6;
0;48;44;6;0_hor;0_ver;
3.000000;9.000000;0.538819;0.484038;0.471457;0.547858;0.259383;0.278107;0.220176;0.274068;0.949843;1.225705;1.191223;0.435737;0.915361;0.601881;0.968652;0.711599;0;52;40;6;
0;52;40;6;0_hor;0_ver;
3.000000;10.000000;0.512425;0.517664;0.549899;0.465822;0.273593;0.227932;0.281413;0.231522;0.858195;0.941068;0.907919;1.103131;0.972376;0.399632;0.666667;0.100000;0;52;44;6;
0;52;44;6;0_hor;0_ver;
3.000000;9.000000;0.506041;0.615975;0.578786;0.542302;0.293579;0.192710;0.300960;0.315804;0.677149;0.670860;1.293501;1.050314;0.926625;0.878407;0.475891;1.140461;0;48;40;9;
0;48;40;9;0_hor;0_ver;
3.000000;9.000000;0.475138;0.610225;0.621551;0.429243;0.313140;0.115879;0.311268;0.279241;0.810496;0.201166;0.623907;0.717201;1.405248;0.533528;0.600583;1.384840;0;56;32;6;
0;56;32;6;0_hor;0_ver;
3.000000;10.000000;0.481651;0.644224;0.705620;0.314933;0.296270;0.166871;0.398980;0.166454;0.392405;0.813291;0.892405;1.838608;2.197785;0.479430;0.100000;0.151899;0;56;36;6;
0;56;36;6;0_hor;0_ver;
2.000000;8.000000;0.580517;0.490041;0.275965;0.719404;0.170449;0.358843;0.110450;0.366646;0.878981;1.273885;0.394904;0.490446;0.100000;0.101911;1.738853;1.541401;0;56;40;6;
0;56;40;6;0_hor;1_ver;
3.000000;9.000000;0.545337;0.480937;0.578940;0.457295;0.289668;0.252312;0.261243;0.194368;1.641618;0.676301;0.771676;0.367052;0.956647;1.823699;0.228324;0.869942;0;56;44;6;
0;56;44;6;0_hor;0_ver;
3.000000;10.000000;0.844232;1.000000;0.669877;1.000000;0.395532;0.414964;1.000000;1.000000;1.224299;0.838006;0.760125;1.091900;0.791277;1.352025;0.501558;0.565421;0;48;32;12;
3.000000;10.000000;0.523003;0.487138;0.434778;0.587321;0.188325;0.330704;0.226971;0.258527;0.988034;1.362393;0.692308;0.625641;0.252991;0.326496;1.541880;1.705983;0;48;48;6;
0;48;48;6;0_hor;0_ver;
3.000000;10.000000;0.461488;0.601233;0.606864;0.458388;0.297000;0.121829;0.293328;0.305049;0.230997;0.700888;0.840079;0.879566;1.204344;0.783810;0.530109;1.328727;0;48;52;6;
0;48;52;6;0_hor;0_ver;
3.000000;9.000000;0.521213;0.513347;0.561053;0.484402;0.282575;0.236837;0.280011;0.225618;0.760000;1.017778;0.973333;0.704444;0.955556;1.095556;0.244444;0.100000;0;52;48;6;
0;52;48;6;0_hor;0_ver;
3.000000;9.000000;0.553756;0.486345;0.458866;0.562705;0.231765;0.305478;0.213552;0.250032;2.434889;0.803440;0.113022;0.176904;0.240786;0.174447;0.592138;2.346437;0;52;52;6;
0;52;52;6;0_hor;0_ver;
3.000000;10.000000;0.587109;0.510884;0.550847;0.555595;0.302984;0.310619;0.236988;0.241093;1.174743;0.948605;0.841410;0.543319;0.647577;0.828194;0.963289;1.493392;0;48;48;9;
0;48;48;9;0_hor;0_ver;
3.000000;12.000000;0.513106;0.565944;0.455651;0.614459;0.190173;0.300707;0.244065;0.284614;0.580630;1.148378;0.893607;1.146469;0.434160;0.100000;0.451813;0.746660;0;48;56;6;
0;48;56;6;0_hor;0_ver;
2.000000;10.000000;0.506444;0.527544;0.561625;0.434527;0.284450;0.229158;0.301588;0.222324;0.693467;0.772194;1.212730;1.289782;1.408710;0.336683;0.134003;0.100000;0;48;60;6;
0;48;60;6;0_hor;1_ver;
3.000000;11.000000;0.500356;0.572664;0.580569;0.478938;0.259791;0.198550;0.291483;0.268227;1.533510;0.603175;0.565256;0.940917;0.300705;1.133157;0.886243;0.837743;0;52;56;6;
0;52;56;6;0_hor;0_ver;
3.000000;9.000000;0.572654;0.486513;0.617648;0.385092;0.340161;0.215476;0.290101;0.196879;2.165414;0.203008;0.736842;0.548872;3.063910;0.266917;0.100000;0.255639;0;52;60;6;
0;52;60;6;0_hor;1_ver;
3.000000;11.000000;0.570135;1.000000;0.687736;1.000000;0.331619;0.237863;0.390854;0.202461;1.284201;1.398941;0.771403;0.502207;0.987643;1.602824;0.662842;0.100000;0;48;56;9;
0;48;56;9;0_hor;0_ver;
3.000000;9.000000;0.547224;0.470914;0.499472;0.554756;0.239251;0.306359;0.241284;0.222443;1.382166;0.772824;0.723992;0.420382;1.473461;0.904459;0.881104;0.656051;0;56;48;6;
0;56;48;6;0_hor;0_ver;
3.000000;8.000000;0.423721;0.601815;0.548595;0.500262;0.203738;0.208797;0.309329;0.279274;0.475962;0.451923;1.221154;1.447115;2.375000;0.658654;0.341346;0.221154;0;56;52;6;
0;56;52;6;0_hor;0_ver;
2.000000;10.000000;0.504016;0.553009;0.483463;0.513314;0.218878;0.268265;0.263781;0.260069;0.823799;1.434783;0.818078;0.748284;0.100000;0.363844;2.408467;0.518307;0;56;56;6;
0;56;56;6;0_hor;0_ver;
3.000000;10.000000;0.477880;0.590459;0.556513;0.501051;0.254667;0.183026;0.290708;0.286672;0.573189;0.842835;1.101695;1.151002;1.531587;0.879815;0.460709;0.496148;0;56;60;6;
0;56;60;6;0_hor;0_ver;
3.000000;10.000000;0.840554;1.000000;0.653243;1.000000;0.415801;0.389901;1.000000;1.000000;1.563452;0.781726;0.751269;0.744924;0.550761;0.720812;1.791878;0.685279;0;48;48;12;
3.000000;9.000000;0.499047;0.557849;0.510336;0.538979;0.260819;0.233543;0.231741;0.301160;0.367412;0.769968;1.408946;1.191693;0.833866;0.185304;0.619808;0.619808;0;32;64;6;
0;32;64;6;0_hor;0_ver;
3.000000;10.000000;0.487384;0.528093;0.568674;0.507212;0.289571;0.197638;0.243006;0.283725;0.708054;0.595078;0.748322;1.727069;0.953020;0.970917;0.376958;0.435123;0;32;68;6;
0;32;68;6;0_hor;0_ver;
3.000000;9.000000;0.469991;0.562486;0.511072;0.503904;0.229758;0.229540;0.274238;0.262101;0.969231;0.446154;0.680000;0.935385;1.240000;0.513846;0.572308;1.409231;0;36;64;6;
0;36;64;6;0_hor;0_ver;
3.000000;11.000000;0.541057;0.500225;0.466777;0.551832;0.241868;0.276681;0.229835;0.256862;1.355657;1.000650;0.840052;0.776333;0.610533;0.564369;0.791287;0.746424;0;36;68;6;
0;36;68;6;0_hor;0_ver;
3.000000;11.000000;0.548426;0.586307;0.518526;0.638470;0.219066;0.300636;0.259172;0.333376;0.628853;0.824908;1.363132;0.930949;0.226264;0.170777;0.694205;0.629470;0;32;64;9;
0;32;64;9;0_hor;0_ver;
3.000000;8.000000;0.412011;0.651193;0.636724;0.408661;0.216924;0.190734;0.394207;0.227892;0.100000;0.100000;0.100000;3.067568;1.405405;2.220721;0.144144;0.100000;0;32;72;6;
0;32;72;6;0_hor;0_ver;
4.000000;9.000000;0.559124;0.456852;0.499679;0.553429;0.238448;0.296611;0.220845;0.262807;0.937107;1.229560;0.977987;0.603774;0.110063;0.100000;0.531447;0.396226;0;32;76;6;
0;32;76;6;0_hor;0_ver;
6.000000;10.000000;0.584455;0.539227;0.646115;0.376891;0.322760;0.214311;0.308436;0.166374;0.913725;0.947712;1.020915;1.115033;0.460131;1.975163;0.100000;0.100000;0;36;72;6;
0;36;72;6;0_hor;0_ver;
2.000000;7.000000;0.537557;0.482064;0.416941;0.577603;0.211744;0.318381;0.231007;0.277950;1.267241;1.163793;0.758621;0.100000;0.100000;0.100000;0.931035;0.844828;0;36;76;6;
0;36;76;6;0_hor;0_ver;
3.000000;9.000000;0.639689;1.000000;0.634030;1.000000;0.328245;0.304344;0.279594;0.197242;0.833333;0.885572;1.064677;1.116915;2.276119;0.100000;0.101990;0.706468;0;32;72;9;
0;32;72;9;0_hor;0_ver;
3.000000;10.000000;0.587036;0.458919;0.512548;0.523588;0.284503;0.276070;0.207442;0.242150;0.681600;0.796800;1.044800;1.156800;0.116800;0.156800;0.740800;0.246400;0;40;64;6;
0;40;64;6;0_hor;0_ver;
3.000000;10.000000;0.522145;0.512251;0.396057;0.602591;0.196611;0.304152;0.197589;0.302102;1.063082;1.080662;0.921406;0.879007;0.100000;0.358842;0.493278;1.989659;0;40;68;6;
0;40;68;6;0_hor;1_ver;
6.000000;9.000000;0.539288;0.517549;0.514574;0.483540;0.271045;0.243835;0.252571;0.243333;1.609120;0.781759;0.726384;0.804560;0.543974;0.276873;0.970684;0.100000;0;44;64;6;
0;44;64;6;0_hor;1_ver;
3.000000;10.000000;0.532779;0.513873;0.501845;0.516087;0.227659;0.272851;0.262815;0.237472;1.068812;0.877913;0.990011;1.035516;0.100000;1.035516;0.902331;0.100000;0;44;68;6;
0;44;68;6;0_hor;0_ver;
3.000000;10.000000;0.589619;0.535509;0.500963;0.599753;0.262251;0.309783;0.231783;0.287331;1.336024;1.208880;0.717457;0.619576;0.394551;0.307770;0.371342;1.433905;0;40;64;9;
0;40;64;9;0_hor;0_ver;
2.000000;10.000000;0.489322;0.563442;0.628848;0.367447;0.299241;0.171843;0.333491;0.215621;0.959617;0.980871;1.009564;0.906482;1.570670;1.181722;0.100000;0.100000;0;40;72;6;
0;40;72;6;0_hor;1_ver;
0.000000;3.000000;0.543482;0.476308;0.486394;0.536346;0.268189;0.288373;0.215991;0.251081;1.285714;0.714286;0.714286;0.571429;0.714286;0.714286;0.857143;0.857143;0;40;76;6;
0;40;76;6;0_hor;0_ver;
3.000000;10.000000;0.461127;0.607484;0.577465;0.484673;0.282638;0.140928;0.292243;0.295963;1.249071;0.878563;0.484511;1.313507;1.055762;1.381660;0.335812;0.690211;0;44;72;6;
0;44;72;6;0_hor;0_ver;
3.000000;8.000000;0.383239;0.694791;0.417767;0.608735;0.118475;0.236926;0.267159;0.398964;0.100000;0.100000;0.200000;3.205263;1.131579;0.121053;0.152632;2.347368;0;44;76;6;
0;44;76;6;0_hor;0_ver;
3.000000;10.000000;0.403891;0.733395;0.680275;1.000000;0.236237;0.145456;0.458678;0.285225;0.845024;1.048940;1.066884;1.006525;1.929853;0.414356;0.119086;0.202284;0;40;72;9;
0;40;72;9;0_hor;0_ver;
3.000000;10.000000;0.651037;1.000000;0.719121;1.000000;0.373945;0.246484;0.350420;0.271272;1.007078;1.191102;0.947422;0.677452;0.822042;1.201213;0.747219;0.249747;0;32;64;12;
1.000000;7.000000;0.573648;0.420913;0.521017;0.518882;0.294005;0.310906;0.226913;0.191949;0.958763;0.515464;0.587629;0.226804;1.195876;1.134021;0.742268;0.659794;0;32;80;6;
0;32;80;6;1_hor;0_ver;
3.000000;8.000000;0.495327;0.536584;0.525919;0.502348;0.284119;0.207624;0.243104;0.277810;0.664179;0.708955;0.462687;0.985075;1.052239;1.029851;0.798507;1.089552;0;32;84;6;
0;32;84;6;0_hor;0_ver;
7.000000;6.000000;0.469050;0.529548;0.522779;0.473503;0.237596;0.237031;0.284401;0.242874;0.115385;0.115385;0.173077;1.115385;1.173077;0.673077;0.846154;1.057692;0;36;80;6;
0;36;80;6;0_hor;0_ver;
3.000000;11.000000;0.488370;0.579035;0.419562;0.700850;0.127348;0.326961;0.239182;0.304622;0.100000;0.546225;1.228814;1.615562;0.100000;0.208783;1.168721;1.807396;0;36;84;6;
0;36;84;6;0_hor;0_ver;
3.000000;10.000000;0.562174;1.000000;0.404885;0.736704;0.237219;0.290611;0.158946;0.433744;0.133956;0.211838;0.323988;1.730530;0.333333;0.272586;0.612150;2.643302;0;32;80;9;
0;32;80;9;0_hor;0_ver;
3.000000;12.000000;0.478591;0.572956;0.494506;0.558983;0.174183;0.283050;0.290312;0.253850;0.193521;0.606991;0.831628;0.823529;0.141091;0.583546;1.054561;0.904518;0;32;88;6;
0;32;88;6;0_hor;0_ver;
3.000000;10.000000;0.519246;0.489016;0.533791;0.508697;0.260559;0.258724;0.257634;0.241885;0.508571;0.817143;0.291429;0.377143;0.592000;0.771429;1.084571;1.468571;0;32;92;6;
0;32;92;6;0_hor;0_ver;
3.000000;10.000000;0.540650;0.566180;0.631662;0.485497;0.284729;0.199665;0.281473;0.268019;2.620053;0.176781;0.484169;0.562005;2.055409;0.352243;0.100000;0.100000;0;36;88;6;
0;36;88;6;0_hor;0_ver;
3.000000;8.000000;0.539239;0.524193;0.554259;0.508400;0.226990;0.287970;0.295047;0.199107;0.231707;0.792683;0.849594;1.150406;0.341463;1.182927;1.056911;1.089431;0;36;92;6;
0;36;92;6;0_hor;0_ver;
3.000000;12.000000;0.589927;0.553226;0.579479;0.568708;0.313070;0.259469;0.276402;0.264965;0.980952;0.956667;0.341905;0.160000;1.212857;1.057619;0.286190;0.351905;0;32;88;9;
0;32;88;9;0_hor;0_ver;
3.000000;9.000000;0.391163;0.638348;0.375755;0.679485;0.118942;0.252156;0.219164;0.414205;0.100000;0.118110;1.287402;2.165354;0.100000;0.100000;1.291339;2.226378;0;40;80;6;
0;40;80;6;0_hor;0_ver;
3.000000;12.000000;0.591277;0.491637;0.643004;0.394030;0.332293;0.219839;0.289429;0.184067;0.906412;0.914377;0.946635;1.008761;0.577857;1.216647;0.214656;0.100358;0;40;84;6;
0;40;84;6;0_hor;0_ver;
3.000000;11.000000;0.495820;0.539507;0.480380;0.543288;0.220733;0.255016;0.254670;0.278868;0.970389;0.879865;0.881557;0.994078;1.275804;0.879019;0.376481;1.246193;0;44;80;6;
0;44;80;6;0_hor;0_ver;
6.000000;10.000000;0.508191;0.530668;0.521307;0.477269;0.256701;0.238657;0.262107;0.243171;2.235106;1.200000;0.100000;0.308511;2.672340;0.100000;0.100000;0.441489;0;44;84;6;
0;44;84;6;0_hor;0_ver;
3.000000;12.000000;0.554933;0.596288;0.584223;0.569174;0.211154;0.308932;0.354952;0.239829;0.521934;0.916741;1.177708;1.377350;0.396150;0.558639;1.226052;0.171889;0;40;80;9;
0;40;80;9;0_hor;0_ver;
3.000000;10.000000;0.516439;0.527188;0.470424;0.553725;0.236867;0.264982;0.223816;0.281552;0.510569;0.575610;0.773984;1.559350;0.489431;0.226016;1.097561;1.936585;0;40;88;6;
0;40;88;6;0_hor;0_ver;
3.000000;10.000000;0.546237;0.487843;0.532532;0.488809;0.280172;0.245703;0.242450;0.244903;1.368613;1.147810;0.534672;0.485401;1.698905;0.286496;0.364964;0.104015;0;40;92;6;
0;40;92;6;0_hor;0_ver;
4.000000;11.000000;0.528741;0.495584;0.579267;0.478332;0.265701;0.239920;0.274008;0.220287;1.154589;1.128502;1.052174;0.630918;0.628986;1.145894;1.370048;0.218357;0;44;88;6;
0;44;88;6;0_hor;0_ver;
3.000000;9.000000;0.458970;0.574511;0.538545;0.468196;0.234344;0.228238;0.311275;0.233989;0.676529;0.804734;1.366864;1.132150;0.358974;0.497041;0.264300;0.143984;0;44;92;6;
0;44;92;6;0_hor;0_ver;
3.000000;10.000000;0.584168;0.534184;0.606798;0.531169;0.310985;0.282860;0.307686;0.198798;0.888166;0.751625;1.136541;1.152146;0.785436;1.474642;0.671001;0.560468;0;40;88;9;
0;40;88;9;0_hor;0_ver;
3.000000;12.000000;0.587825;1.000000;0.619077;1.000000;0.241307;0.311691;0.365277;0.307558;0.983320;0.934500;0.670057;0.969081;0.276648;0.940195;0.816111;0.278275;0;32;80;12;
3.000000;8.000000;0.556756;0.452020;0.500408;0.531709;0.277154;0.273633;0.217678;0.235744;1.595588;0.669118;0.661765;0.750000;0.132353;0.911765;1.058824;0.102941;0;48;64;6;
0;48;64;6;0_hor;0_ver;
6.000000;11.000000;0.497220;0.532715;0.529882;0.485102;0.245862;0.239877;0.265525;0.262221;0.975022;1.040143;0.893845;1.080285;0.100000;0.699376;0.696699;0.100000;0;48;68;6;
0;48;68;6;0_hor;0_ver;
3.000000;8.000000;0.528152;0.502132;0.496862;0.513783;0.254943;0.264200;0.256682;0.233720;0.754717;0.905660;1.383648;0.886792;0.471698;0.408805;0.257862;0.100000;0;52;64;6;
0;52;64;6;0_hor;1_ver;
3.000000;11.000000;0.530685;0.544150;0.438656;0.615979;0.222423;0.294324;0.210539;0.294957;1.011653;1.091770;0.993445;0.883467;0.100000;0.886380;0.410051;1.029133;0;52;68;6;
0;52;68;6;0_hor;0_ver;
3.000000;10.000000;0.549946;0.573722;0.404434;0.662584;0.200937;0.314402;0.202888;0.347330;0.841420;0.880473;1.128994;1.134911;0.230769;0.100000;0.960947;1.938462;0;48;64;9;
0;48;64;9;0_hor;0_ver;
3.000000;10.000000;0.564008;0.482473;0.520322;0.495975;0.268563;0.269647;0.240784;0.217971;0.970414;0.980769;0.909763;1.047337;1.423077;0.347633;0.100000;0.355030;0;48;72;6;
0;48;72;6;0_hor;1_ver;
3.000000;11.000000;0.515563;0.537102;0.557261;0.557147;0.246984;0.248605;0.202291;0.300570;0.926016;0.865854;0.986992;1.121138;0.291870;1.146341;1.030894;0.327642;0;48;76;6;
0;48;76;6;0_hor;0_ver;
6.000000;10.000000;0.489197;0.598231;0.508238;0.501411;0.237038;0.218545;0.254567;0.297851;0.937566;0.792593;0.835979;1.373545;1.125926;0.338624;0.100000;1.017989;0;52;72;6;
0;52;72;6;0_hor;0_ver;
3.000000;10.000000;0.522799;0.516965;0.515512;0.521239;0.229963;0.263521;0.270493;0.232712;1.150924;1.185832;0.690965;0.898357;1.610883;0.414784;0.483573;1.156057;0;52;76;6;
0;52;76;6;0_hor;0_ver;
3.000000;11.000000;0.600126;1.000000;0.474016;0.636597;0.241829;0.301558;0.237397;0.315473;0.790941;0.884146;1.148084;1.021777;0.878920;0.303136;1.155923;0.804007;0;48;72;9;
0;48;72;9;0_hor;0_ver;
3.000000;8.000000;0.380600;0.655751;0.566646;0.501596;0.187488;0.186142;0.343870;0.278858;0.525253;0.580808;0.959596;0.520202;1.575758;1.060606;0.398990;0.398990;0;56;64;6;
0;56;64;6;0_hor;0_ver;
3.000000;11.000000;0.521089;0.518322;0.498116;0.537911;0.254392;0.246628;0.243319;0.262111;0.996016;1.026295;0.993626;0.942629;0.100000;1.069323;0.469323;0.312351;0;56;68;6;
0;56;68;6;0_hor;0_ver;
3.000000;11.000000;0.517848;0.540660;0.482682;0.567053;0.215606;0.263350;0.251588;0.266872;1.248957;1.067455;0.563282;1.092490;0.985396;1.151599;0.683588;0.924200;0;56;72;6;
0;56;72;6;0_hor;0_ver;
3.000000;11.000000;0.591094;0.462011;0.575438;0.467310;0.302645;0.249794;0.270199;0.180262;1.000732;1.232626;0.754206;0.100000;1.158010;0.828822;0.794440;0.100000;0;56;76;6;
0;56;76;6;0_hor;0_ver;
3.000000;11.000000;0.803636;1.000000;0.562688;1.000000;0.333601;0.434179;1.000000;1.000000;0.813511;1.090390;1.119886;0.956232;0.200761;1.098002;1.230257;1.269267;0;48;64;12;
3.000000;12.000000;0.529144;0.515786;0.574953;0.496282;0.275945;0.253322;0.275230;0.199997;0.751697;1.150824;1.029098;0.920466;0.318138;0.640640;0.738118;0.448109;0;48;80;6;
0;48;80;6;0_hor;0_ver;
3.000000;10.000000;0.527045;0.492931;0.460186;0.585789;0.233875;0.294081;0.209732;0.260533;0.647491;1.718482;1.179927;0.419829;0.241126;0.124847;0.100000;3.364749;0;48;84;6;
0;48;84;6;0_hor;0_ver;
3.000000;10.000000;0.631909;1.000000;0.521907;0.520082;0.263805;0.220552;0.249116;0.266282;2.197227;0.768875;0.457627;0.545455;1.804314;0.114022;0.100000;1.567026;0;52;80;6;
0;52;80;6;0_hor;0_ver;
3.000000;8.000000;0.489741;0.512427;0.517211;0.487669;0.231228;0.258655;0.276522;0.241531;0.969298;0.706140;0.627193;1.526316;0.960526;0.714912;0.934211;0.385965;0;52;84;6;
0;52;84;6;0_hor;0_ver;
3.000000;12.000000;0.631982;1.000000;0.623686;1.000000;0.330159;0.279803;0.272415;0.244723;1.458256;1.157699;0.723562;0.537106;0.773191;0.487941;0.100000;0.390538;0;48;80;9;
0;48;80;9;0_hor;0_ver;
7.000000;10.000000;0.525965;0.516711;0.545094;0.479656;0.250043;0.241693;0.283799;0.224348;0.841160;0.686464;1.118785;1.240332;1.842541;0.824586;0.284530;0.348066;0;48;88;6;
0;48;88;6;0_hor;0_ver;
4.000000;9.000000;0.525489;0.477925;0.512915;0.484057;0.277647;0.243253;0.246007;0.245849;0.921833;0.727763;0.935310;0.204852;0.479784;0.803235;0.932615;0.687332;0;48;92;6;
0;48;92;6;1_hor;1_ver;
3.000000;10.000000;0.557056;0.479723;0.552118;0.462320;0.299386;0.240022;0.254171;0.207712;1.058599;1.091720;0.843312;0.621656;1.636943;0.459873;0.193631;0.126115;0;52;88;6;
0;52;88;6;0_hor;0_ver;
3.000000;9.000000;0.464127;0.565471;0.544039;0.472082;0.240765;0.222260;0.294373;0.258122;0.248485;0.360606;1.012121;1.681818;0.784849;0.790909;0.448485;0.100000;0;52;92;6;
0;52;92;6;0_hor;1_ver;
3.000000;10.000000;0.632490;1.000000;0.580881;0.535091;0.325127;0.281921;0.252887;0.228514;0.645497;1.102771;1.340647;0.837182;1.167436;0.226328;0.323326;0.381062;0;48;88;9;
0;48;88;9;0_hor;0_ver;
3.000000;9.000000;0.515839;0.533502;0.484840;0.543939;0.249345;0.243974;0.228500;0.283703;0.723861;0.603217;0.898123;1.742627;0.206434;0.316354;0.100000;2.705094;0;56;80;6;
0;56;80;6;0_hor;0_ver;
5.000000;9.000000;0.526708;0.473290;0.583371;0.452115;0.320614;0.229531;0.256507;0.210258;0.642570;0.785141;1.240964;1.281124;0.586345;0.656627;1.080321;0.321285;0;56;84;6;
0;56;84;6;1_hor;0_ver;
3.000000;10.000000;0.535269;0.523406;0.571867;0.463782;0.257911;0.261280;0.292809;0.208577;0.781938;1.061674;0.904185;1.182819;1.168502;0.174009;0.192731;0.121145;0;56;88;6;
0;56;88;6;0_hor;0_ver;
3.000000;8.000000;0.502460;0.562128;0.487300;0.586945;0.262441;0.230673;0.218995;0.296334;1.678392;0.105528;0.447236;0.929648;0.834171;1.155779;0.879397;0.894472;0;56;92;6;
0;56;92;6;0_hor;0_ver;
3.000000;11.000000;0.831739;1.000000;0.659947;1.000000;0.444178;0.377387;1.000000;1.000000;1.415094;0.896576;0.732355;0.881202;0.832984;0.401817;0.777079;0.206848;0;48;80;12;
3.000000;12.000000;0.535284;0.509217;0.540176;0.542090;0.264720;0.248170;0.243876;0.252050;0.651275;0.332861;0.100000;0.100000;0.542210;0.684136;1.150992;1.428612;0;32;96;6;
0;32;96;6;0_hor;0_ver;
3.000000;13.000000;0.447849;0.609204;0.524485;0.501312;0.229536;0.199893;0.278321;0.289081;0.100000;0.109945;0.931113;0.760949;1.263002;1.144161;0.683622;0.164918;0;32;100;6;
0;32;100;6;0_hor;0_ver;
3.000000;10.000000;0.559529;0.505896;0.451973;0.614888;0.247175;0.302499;0.170895;0.295086;0.120543;1.088285;0.531409;0.285229;0.507640;0.672326;0.847199;1.609508;0;36;96;6;
0;36;96;6;0_hor;0_ver;
3.000000;10.000000;0.572300;0.448003;0.501728;0.552696;0.248069;0.308381;0.214180;0.231705;1.419087;0.495851;0.478216;1.022822;0.676349;0.565353;0.784232;1.770747;0;36;100;6;
0;36;100;6;0_hor;0_ver;
3.000000;12.000000;0.579299;1.000000;0.543119;0.623709;0.285014;0.292650;0.232326;0.339685;0.738569;0.904676;0.214673;0.132524;0.351847;0.762077;1.046500;1.330664;0;32;96;9;
0;32;96;9;0_hor;0_ver;
3.000000;8.000000;0.489614;0.550560;0.491191;0.577675;0.196818;0.282780;0.265493;0.265638;1.272727;0.212121;0.446970;0.143939;0.606061;0.287879;0.409091;2.545455;0;40;96;6;
0;40;96;6;0_hor;0_ver;
3.000000;9.000000;0.569153;0.530407;0.448184;0.599388;0.231282;0.297969;0.201700;0.277933;1.407332;0.437882;0.680244;0.262729;0.778004;0.199593;0.317719;1.647658;0;40;100;6;
0;40;100;6;0_hor;0_ver;
3.000000;8.000000;0.544915;0.494828;0.532915;0.523575;0.267258;0.268451;0.255060;0.237031;0.479508;0.655738;1.065574;1.077869;0.311475;0.889344;0.627049;0.983607;0;44;96;6;
0;44;96;6;0_hor;0_ver;
7.000000;6.000000;0.549025;0.490484;0.529903;0.491062;0.265114;0.263158;0.265482;0.227035;1.737705;0.524590;0.229508;0.327869;0.557377;0.459016;0.950820;1.459016;0;44;100;6;
0;44;100;6;0_hor;0_ver;
3.000000;8.000000;0.575611;0.563639;0.563595;0.581153;0.253117;0.326978;0.308222;0.236869;1.459677;0.580645;0.504032;0.895161;0.580645;0.959677;0.616935;1.629032;0;40;96;9;
0;40;96;9;0_hor;0_ver;
4.000000;5.000000;0.517315;0.487637;0.526760;0.483325;0.257296;0.246085;0.264018;0.252838;0.764706;0.705882;0.588235;0.411765;1.000000;1.176471;0.705882;0.705882;0;48;96;6;
0;48;96;6;0_hor;0_ver;
3.000000;10.000000;0.521174;0.514987;0.489662;0.553377;0.235958;0.276196;0.248470;0.273664;0.100000;1.409346;1.170093;0.558878;0.100000;0.921495;0.895327;0.928972;0;48;100;6;
0;48;100;6;0_hor;0_ver;
3.000000;6.000000;0.513331;0.505548;0.538204;0.501518;0.262169;0.250979;0.254683;0.242204;0.851064;0.765957;1.085106;0.489362;1.000000;0.893617;1.085106;0.510638;0;52;96;6;
0;52;96;6;0_hor;0_ver;
1.000000;5.000000;0.468406;0.525583;0.542137;0.468655;0.275331;0.211867;0.278104;0.258672;0.944444;0.944444;0.888889;0.944444;1.222222;0.722222;0.444444;0.666667;0;52;100;6;
0;52;100;6;1_hor;1_ver;
3.000000;8.000000;0.591013;0.527604;0.523886;0.593698;0.211892;0.376557;0.283596;0.212289;1.502488;2.154229;0.174129;0.144279;0.218905;0.228856;0.781095;1.860697;0;48;96;9;
0;48;96;9;0_hor;0_ver;
3.000000;8.000000;0.497041;0.604349;0.557293;0.525734;0.202300;0.285809;0.313229;0.237007;0.698198;1.175676;0.797297;1.108108;1.306306;0.234234;0.117117;1.175676;0;56;96;6;
0;56;96;6;0_hor;0_ver;
3.000000;8.000000;0.560408;0.511432;0.595034;0.443796;0.310184;0.223117;0.275547;0.207578;1.276243;1.436464;0.900553;0.132597;0.889503;1.337017;0.100000;0.165746;0;56;100;6;
0;56;100;6;0_hor;0_ver;
